-- --------------------------------------------------------
-- Host:                         127.0.0.1
-- Versión del servidor:         8.4.3 - MySQL Community Server - GPL
-- SO del servidor:              Win64
-- HeidiSQL Versión:             12.8.0.6908
-- --------------------------------------------------------

/*!40101 SET @OLD_CHARACTER_SET_CLIENT=@@CHARACTER_SET_CLIENT */;
/*!40101 SET NAMES utf8 */;
/*!50503 SET NAMES utf8mb4 */;
/*!40103 SET @OLD_TIME_ZONE=@@TIME_ZONE */;
/*!40103 SET TIME_ZONE='+00:00' */;
/*!40014 SET @OLD_FOREIGN_KEY_CHECKS=@@FOREIGN_KEY_CHECKS, FOREIGN_KEY_CHECKS=0 */;
/*!40101 SET @OLD_SQL_MODE=@@SQL_MODE, SQL_MODE='NO_AUTO_VALUE_ON_ZERO' */;
/*!40111 SET @OLD_SQL_NOTES=@@SQL_NOTES, SQL_NOTES=0 */;


-- Volcando estructura de base de datos para myarcadezone
CREATE DATABASE IF NOT EXISTS `myarcadezone` /*!40100 DEFAULT CHARACTER SET utf8mb4 COLLATE utf8mb4_unicode_ci */ /*!80016 DEFAULT ENCRYPTION='N' */;
USE `myarcadezone`;

-- Volcando estructura para tabla myarcadezone.blog_posts
CREATE TABLE IF NOT EXISTS `blog_posts` (
  `id` int NOT NULL AUTO_INCREMENT,
  `slug` varchar(100) COLLATE utf8mb4_unicode_ci NOT NULL,
  `titulo` varchar(200) COLLATE utf8mb4_unicode_ci NOT NULL,
  `categoria` varchar(100) COLLATE utf8mb4_unicode_ci DEFAULT NULL,
  `contenido_html` mediumtext COLLATE utf8mb4_unicode_ci,
  `imagen_url` varchar(500) COLLATE utf8mb4_unicode_ci DEFAULT NULL,
  `video_url` varchar(500) COLLATE utf8mb4_unicode_ci DEFAULT NULL,
  `fecha` date DEFAULT NULL,
  `publicado` tinyint(1) NOT NULL DEFAULT '0',
  `created_at` timestamp NOT NULL DEFAULT CURRENT_TIMESTAMP,
  PRIMARY KEY (`id`),
  UNIQUE KEY `slug` (`slug`)
) ENGINE=InnoDB AUTO_INCREMENT=9 DEFAULT CHARSET=utf8mb4 COLLATE=utf8mb4_unicode_ci;

-- Volcando datos para la tabla myarcadezone.blog_posts: ~4 rows (aproximadamente)
INSERT INTO `blog_posts` (`id`, `slug`, `titulo`, `categoria`, `contenido_html`, `imagen_url`, `video_url`, `fecha`, `publicado`, `created_at`) VALUES
	(5, 'El templo de los cinco duros', 'El templo de los cinco duros: por qué los recreativos eran el mejor lugar del mundo', 'NOSTALGIA-ARCADE', '<p>Había un ritual. Lo hacías sin pensarlo, igual que respirar. Cambiar el billete de cien pesetas en la máquina de cambio, escuchar el <em>clonc-clonc-clonc</em> de las monedas cayendo, y sentir ese peso en el bolsillo del pantalón. Cuatro fichas de cinco duros. Cuatro oportunidades. Cuatro pequeños soles de metal que ya sabías que ibas a perder, pero que en ese momento te hacían sentir rico como un rey.</p>\r\n\r\n<p>Bienvenido al recreativo.</p>\r\n\r\n<hr>\r\n\r\n<h2>La catedral del barrio</h2>\r\n\r\n<p>El salón recreativo no era solo un sitio con máquinas. Era <strong>el sitio</strong>. El punto de encuentro donde convergía todo lo que importaba cuando tenías entre 8 y 16 años: la adrenalina, el pique, el respeto ganado a pulso y, si eras listo, también algún crédito gratis que no le ibas a contar a nadie.</p>\r\n\r\n<p>Olía a tabaco, a fritanga del bar de al lado y a plástico caliente. La iluminación era cutre, los suelos pegajosos y la música sonaba a un volumen que no dejaba pensar. Y aun así, en invierno con el frío que hacía, no había lugar más cálido ni más vivo en todo el barrio.</p>\r\n\r\n<p>La gente no iba solo a jugar. Iba a <em>estar</em>. Y a veces ni siquiera a eso: había quien se acercaba simplemente para ver si estaba la chica que le gustaba. Porque si estaba en algún sitio, probablemente sería allí, echando una partida al Tetris con esa concentración que te dejaba sin palabras. Y si por mala suerte no aparecía, siempre quedaba el futbolín: esas largas rondas de "pierde y paga" en las que entraban y salían parejas sin parar. Si eras bueno y tenías algo de suerte —y yo tenía un poco de ambas— podías pasarte una tarde entera jugando por solo 25 pesetas.</p>\r\n\r\n<hr>\r\n\r\n<h2>El ecosistema humano de los recres</h2>\r\n\r\n<p>Si algún biólogo de los años 90 hubiera estudiado los recreativos como hábitat natural, habría descubierto un ecosistema perfectamente organizado.</p>\r\n\r\n<p><strong>El crack.</strong> El tío que se pasaba las máquinas con cinco duros mientras todo el mundo miraba con la boca abierta. Tenía los movimientos memorizados, no sudaba, no se inmutaba. Cuando llegaba el Stage 6, sacaba un crédito de la nada como un mago y seguía. Era un dios mortal.</p>\r\n\r\n<p><strong>El pelma con consejos.</strong> Invariablemente aparecía a tu espalda en el momento menos oportuno. "Salta. Ahora a la izquierda. Coge ese ítem. Que te matan, que te matan." No jugaba. Solo comentaba. Como un árbitro de fútbol que nunca ha tocado un balón. Si hubiera forma de llegar a través del tiempo, muchos lo estrangularíamos con cariño.</p>\r\n\r\n<p><strong>El chulo de los cinco duros.</strong> Mayor que tú, con la chaqueta de cuero y la novia aparcada en un futbolín. Se ponía al lado cuando llevabas diez minutos jugando bien y soltaba el clásico: "¿Me dejas la última vida que te la paso?". Le dabas la vida. La perdía en cuarenta segundos. Se encogía de hombros. Se iba. Tú te quedabas mirando la pantalla de GAME OVER con el alma partida en dos.</p>\r\n\r\n<p><strong>El mirón.</strong> Podías llevar horas jugando y él seguía ahí, a tu espalda, sin despeinarse. No metía una peseta. Ni una. Algunos porque no las tenían, otros porque habían tomado la decisión adulta de invertir su paga en una bolsa de Triskis o Risketos —no había cosa en el mundo que pringase más los dedos que unos Risketos, lo cual era un problema serio cuando luego intentabas manejar un joystick— o directamente en gominolas. El mirón era un espectador nato, un alma contemplativa en un mundo de acción. Y en el fondo, todos lo entendíamos.</p>\r\n\r\n<p><strong>El encargado.</strong> Criatura incomprendida. A veces era un señor mayor que no sabía lo que era un joystick pero que te apagaba la máquina si llevabas demasiado rato. A veces era un tipo que te miraba con ojillos de águila desde detrás del mostrador. Nunca era tu amigo. Pero tampoco era completamente tu enemigo, porque si el local iba bien, ponían máquinas nuevas, y eso lo cambiaba todo.</p>\r\n\r\n<hr>\r\n\r\n<h2>El día que llegó una máquina nueva</h2>\r\n\r\n<p>Nada —y digo absolutamente nada— igualaba la emoción de llegar al recreativo y ver una máquina tapada con una lona. O una furgoneta aparcada en la puerta descargando algo enorme. Se formaban corrillos. Se especulaba. "Dicen que es de lucha." "Que tiene pistola." "Que los gráficos son una bestialidad."</p>\r\n\r\n<p>Cuando por fin la encendían, el primer crédito era sagrado. Nadie sabía hacer nada. Todos los movimientos fallaban. La gente blasfemaba, preguntaba a gritos cómo se hacían los especiales y guardaba el secreto como si fuera la fórmula de la Coca-Cola.</p>\r\n\r\n<p>Street Fighter II llegó así. Una tarde normal, una máquina nueva, dos joysticks y seis botones que no entendía nadie. Una semana después, cada recreativo de España era un campo de batalla lleno de chavales intentando hacer el Hadouken y sacando el brazo en diagonal hacia la pantalla como si el movimiento físico fuera a ayudar.</p>\r\n\r\n<hr>\r\n\r\n<h2>El mechero, el magic clip y la ingeniería del pobre</h2>\r\n\r\n<p>La economía de los recreativos era despiadada. Cinco duros por partida, paga semanal limitada, y las ganas de jugar inversamente proporcionales al dinero disponible. Así nació la creatividad.</p>\r\n\r\n<p>El truco del mechero era el más famoso. Abrías uno de esos mecheros baratos de ferretería, sacabas el mecanismo del piezoeléctrico, lo acercabas a la ranura de monedas de ciertas máquinas y le dabas al botón. Si tenías suerte y la máquina era la adecuada, aparecía un crédito de la nada como por arte de magia. Si no tenías suerte, te llevabas un calambrazo que recordabas el resto del día.</p>\r\n\r\n<p>No funcionaba en todas las máquinas. No siempre funcionaba. Pero la <em>posibilidad</em> de que funcionara era suficiente para que toda una generación se pasara las tardes intentándolo con la cara de concentración de un cirujano.</p>\r\n\r\n<p>Había quien lo había perfeccionado hasta el punto de llevar cables escondidos bajo la ropa. Ingenieros del fraude recreativo. Pioneros incomprendidos.</p>\r\n\r\n<hr>\r\n\r\n<h2>El ocaso</h2>\r\n\r\n<p>Llegó la PlayStation. Llegaron los cibercafés. Las máquinas dejaron de renovarse. Los locales empezaron a llenarse de un ambiente que ya no invitaba a quedarse. Los encargados pusieron tragaperras donde antes había futbolines.</p>\r\n\r\n<p>Y un día, sin que nadie lo anunciara, los recreativos cerraron. Algunos se convirtieron en tiendas de chinos. Otros en bares sin personalidad. Muchos simplemente desaparecieron.</p>\r\n\r\n<p>Lo que no desapareció fue el recuerdo de esas tardes. El peso de las monedas en el bolsillo. El olor a plástico caliente. La concentración absoluta frente a una pantalla que no tenía pausa, no tenía guardado y no perdonaba.</p>\r\n\r\n<p>Y la lección fundamental que los recreativos enseñaron a toda una generación: <strong>que perder duele más cuando te ha costado cinco duros de tu propio bolsillo</strong>.</p>\r\n\r\n<hr>\r\n\r\n<blockquote>¿Tienes tu propia historia de los recreativos? Cuéntala en los comentarios. Mecheros, pajaritos, créditos robados y enemigos eternos, todo bienvenido.</blockquote>', '\\assets\\images\\Recreativos.png', '', '2026-04-28', 1, '2026-04-28 20:53:10'),
	(6, 'arcades-mas-jugados-todos-los-tiempos', 'Los 10 arcades más jugados de todos los tiempos: las máquinas que se tragaron más monedas que ninguna otra', 'HISTORIA · ARCADE', '<p>Hay máquinas que estaban en todos los recreativos. En el de tu barrio, en el del pueblo de verano, en la gasolinera de la autopista y en el bar de la esquina. Máquinas que no necesitaban que nadie te explicara cómo funcionaban porque en cuanto las veías ya sabías lo que tenías que hacer. Estas son las que más monedas se tragaron en la historia del arcade.</p>\r\n\r\n<hr>\r\n\r\n<h2>1. Pac-Man (1980) — Namco</h2>\r\n\r\n<p>El juego más reconocible de la historia. Namco vendió más de <strong>400.000 unidades</strong> de la máquina original, una cifra que no ha igualado ningún otro arcade antes ni después. En su primer año de operación en Estados Unidos recaudó más de <strong>1.000 millones de dólares en monedas de 25 centavos</strong>.</p>\r\n\r\n<p>Lo que hizo diferente a Pac-Man fue su público: por primera vez las chicas jugaban tanto como los chicos. Toru Iwatani diseñó un juego sin violencia, con un protagonista simpático y reglas inmediatamente comprensibles. El resultado fue el primer fenómeno de masas del videojuego.</p>\r\n\r\n<hr>\r\n\r\n<h2>2. Space Invaders (1978) — Taito</h2>\r\n\r\n<p>Antes de Space Invaders los salones recreativos existían, pero eran otra cosa. Después de Space Invaders, el arcade tal como lo conocemos nació. Taito tuvo que fabricar monedas de 100 yenes adicionales en Japón porque el juego las agotaba <em>literalmente</em> de circulación.</p>\r\n\r\n<p>El concepto era brutalmente simple: filas de alienígenas que bajan, tú que disparas. Pero la tensión que generaba —la música acelerándose, los invasores bajando más rápido— era adictiva de una manera que nadie había experimentado antes.</p>\r\n\r\n<hr>\r\n\r\n<h2>3. Street Fighter II (1991) — Capcom</h2>\r\n\r\n<p>Street Fighter II no inventó los juegos de lucha, pero los reinventó completamente. Capcom vendió <strong>200.000 cabinets</strong> y recaudó más de <strong>1.500 millones de dólares</strong> en sus primeros años. En los recreativos españoles de 1991 y 1992 era imposible encontrar una máquina libre en hora punta.</p>\r\n\r\n<p>Lo que lo hizo adictivo fue la profundidad disfrazada de simplicidad: cualquiera podía jugar, pero dominar a Ryu, Guile o Chun-Li requería semanas. El Hadouken que todos intentaban hacer moviendo el brazo físicamente hacia la pantalla. Los ocho personajes con estilos completamente distintos. El primer juego donde perdías y querías volver a intentarlo inmediatamente.</p>\r\n\r\n<hr>\r\n\r\n<h2>4. Donkey Kong (1981) — Nintendo</h2>\r\n\r\n<p>El juego que lanzó a Mario al mundo —entonces llamado Jumpman— y el primero en contar una historia real dentro de una máquina arcade. Un carpintero sube por andamios, salta barriles y rescata a una chica de un gorila gigante. Absurdo. Perfecto.</p>\r\n\r\n<p>Donkey Kong fue el primer gran éxito de Nintendo fuera de Japón y el juego que convenció a la industria americana de que los japoneses habían llegado para quedarse. Más de <strong>132.000 cabinets</strong> vendidos en todo el mundo.</p>\r\n\r\n<hr>\r\n\r\n<h2>5. Galaga (1981) — Namco</h2>\r\n\r\n<p>La evolución de Galaxian, que era la evolución de Space Invaders. Galaga añadió el movimiento en formación de los enemigos, los patrones de ataque memorables y el truco del doble disparo —dejar que te capturen y luego rescatar tu nave— que se convirtió en la primera estrategia avanzada que los jugadores de arcade aprendieron a dominar.</p>\r\n\r\n<p>Sigue siendo el arcade más jugado en los bares americanos que conservan máquinas clásicas. Cincuenta años después, sigue siendo perfecto.</p>\r\n\r\n<hr>\r\n\r\n<h2>6. Mortal Kombat (1992) — Midway</h2>\r\n\r\n<p>Si Street Fighter II era técnica, Mortal Kombat era espectáculo puro. Los fatalities —los movimientos de ejecución final que escandalizaron a padres y políticos de medio mundo— eran la razón por la que la cola frente a la máquina no desaparecía nunca. Todo el mundo quería ver qué pasaba cuando ganabas.</p>\r\n\r\n<p>Midway consiguió algo que pocos juegos logran: ser noticia en los telediarios. La polémica fue la mejor publicidad posible.</p>\r\n\r\n<hr>\r\n\r\n<h2>7. Out Run (1986) — Sega</h2>\r\n\r\n<p>No era un juego de carreras al uso. Era una <em>fantasía</em>. Ferrari Testarossa roja descapotable, chica en el asiento del copiloto, carreteras de postal europeo y la posibilidad de elegir la música que sonaba en la radio. Out Run vendió el sueño de la libertad en forma de joystick y dos pedales.</p>\r\n\r\n<p>Yu Suzuki diseñó los escenarios basándose en un viaje real en coche por Europa. Se nota. Cada pantalla parece un lugar al que querrías ir.</p>\r\n\r\n<hr>\r\n\r\n<h2>8. Frogger (1981) — Konami</h2>\r\n\r\n<p>Una rana cruzando una carretera y luego un río. Sin disparos, sin lucha, sin historia. Solo coordinación y timing. Frogger fue uno de los primeros juegos en demostrar que la premisa más simple podía generar la mayor adicción.</p>\r\n\r\n<p>Konami vendió más de <strong>135.000 cabinets</strong> y el juego se convirtió en uno de los primeros en tener presencia masiva fuera de los salones recreativos, en bares, restaurantes y gasolineras de todo el mundo.</p>\r\n\r\n<hr>\r\n\r\n<h2>9. Final Fight (1989) — Capcom</h2>\r\n\r\n<p>El beat \'em up definitivo. Haggar, Cody y Guy contra la banda Mad Gear en las calles de Metro City. Final Fight estableció todas las reglas del género que después seguirían Double Dragon, Streets of Rage y Cadillacs and Dinosaurs: scroll lateral, tres personajes con estilos distintos, jefes al final de cada nivel y cooperativo para dos jugadores.</p>\r\n\r\n<p>En los recreativos españoles de 1990 era el juego que siempre tenía cola. Siempre.</p>\r\n\r\n<hr>\r\n\r\n<h2>10. Tekken (1994) — Namco</h2>\r\n\r\n<p>Namco respondió a Street Fighter II y Mortal Kombat con algo diferente: combate en 3D, cuatro botones para los cuatro miembros del cuerpo y una profundidad técnica que los jugadores hardcore devoraron. Tekken llegó al final de la era dorada del arcade pero se convirtió en uno de sus últimos grandes fenómenos.</p>\r\n\r\n<p>La saga sigue viva hoy. Pocos juegos de 1994 pueden decir lo mismo.</p>\r\n\r\n<hr>\r\n\r\n<p>Esta lista podría tener cincuenta entradas. Quedan fuera Centipede, Asteroids, Defender, Time Crisis, Dance Dance Revolution... El arcade fue durante veinte años el laboratorio donde se inventó todo lo que hoy damos por sentado en los videojuegos. Cada moneda que metiste en una de estas máquinas fue un pequeño voto por lo que vino después.</p>\r\n\r\n<p><em>¿Cuál es tu favorita? ¿Cuál añadirías a la lista? Los comentarios son tuyos.</em></p>', '\\assets\\images\\Mejoresjuegos.png', '', '2026-05-03', 1, '2026-05-03 16:38:06'),
	(7, 'pinballs-mas-legendarios-todos-los-tiempos', 'Los 10 pinballs más legendarios de todos los tiempos: las mesas que se tragaron más monedas que ninguna otra', 'PINBALL · HISTORIA', '<p>El pinball no es un videojuego. Es algo anterior, algo más físico, algo que ninguna pantalla ha conseguido replicar del todo. La bola de acero rodando por la madera, el golpe seco de los flippers, el ruido de los bumpers encadenándose... Hay mesas que llevan décadas en bares, recreativos y sótanos de coleccionistas y que siguen tragándose monedas con la misma eficiencia que el primer día. Estas son las diez más legendarias.</p>\r\n\r\n<hr>\r\n\r\n<h2>1. The Addams Family (1992) — Williams</h2>\r\n\r\n<p>El número es inapelable: <strong>20.270 unidades fabricadas</strong>. Ningún pinball en la historia ha vendido más. Diseñado por Pat Lawlor, con voces reales de Raul Julia y Anjelica Huston, La Cosa saliendo de su caja y 13 modos de juego con Wizard Mode. The Addams Family no solo es el más vendido — es el que más gente ha convertido en aficionada al pinball sin haberlo buscado.</p>\r\n\r\n<p>Si solo puedes jugar a uno en tu vida, que sea este.</p>\r\n\r\n<hr>\r\n\r\n<h2>2. Medieval Madness (1997) — Williams</h2>\r\n\r\n<p>El favorito absoluto de los coleccionistas. Pat Lawlor otra vez, con una mesa que tiene castillos que se destruyen físicamente, trolls que aparecen, catapultas y un humor absurdo que hace que cada partida sea diferente. Técnicamente es una obra maestra — el sistema de castillos con mecanismo físico no lo había intentado nadie antes — y el resultado es la mesa más divertida que Williams jamás produjo.</p>\r\n\r\n<p>Los precios en el mercado de coleccionismo llevan años subiendo sin parar. Hay razones para ello.</p>\r\n\r\n<hr>\r\n\r\n<h2>3. The Twilight Zone (1993) — Williams</h2>\r\n\r\n<p>La mesa más compleja de la historia del pinball. Pat Lawlor de nuevo — en su mejor racha creativa — con 12 modos de juego, un mini-playfield dentro de la mesa, una bola magnética controlada por electroimanes y unas reglas tan profundas que los jugadores veteranos siguen descubriendo cosas después de años. La serie de televisión de Rod Serling nunca imaginó que acabaría en una mesa de pinball. El resultado es sublime.</p>\r\n\r\n<hr>\r\n\r\n<h2>4. Theatre of Magic (1995) — Bally</h2>\r\n\r\n<p>Steve Ritchie diseñó mesas rápidas. Pat Lawlor diseñó mesas profundas. John Popadiuk diseñó mesas <em>mágicas</em>. Theatre of Magic tiene un baúl en el centro que atrapa la bola y la dispara en distintas direcciones según el modo, un espejo que refleja el playfield completo y una atmósfera de ilusionismo que ninguna otra mesa ha igualado.</p>\r\n\r\n<p>No es la más vendida ni la más compleja, pero es la más elegante. Y en pinball, la elegancia importa.</p>\r\n\r\n<hr>\r\n\r\n<h2>5. Terminator 2: Judgment Day (1991) — Williams</h2>\r\n\r\n<p>Steve Ritchie capturó el furor de la película de Cameron con una mesa que en 1991 era técnicamente imposible para sus competidores. El cañón de plasma — un lanzador secundario que dispara la bola por la parte superior del playfield — fue el primer mecanismo de este tipo en un pinball de producción masiva. Más de <strong>15.000 unidades vendidas</strong>, lo que lo convierte en el segundo pinball más vendido de Williams.</p>\r\n\r\n<p>Funciona igual de bien en 2024 que en 1991. Las mesas buenas no envejecen.</p>\r\n\r\n<hr>\r\n\r\n<h2>6. Attack from Mars (1995) — Bally</h2>\r\n\r\n<p>Brian Eddy diseñó la mesa más accesible de esta lista. Los marcianos invaden la Tierra, tú los rechazas a base de flippers. El humor es absurdo, los sonidos son memorables y el Wizard Mode — <strong>Rule the Universe</strong> — es el más satisfactorio de conseguir de todos los pinballs de los 90. Hay coleccionistas que tienen tres.</p>\r\n\r\n<hr>\r\n\r\n<h2>7. The Flintstones (1994) — Williams</h2>\r\n\r\n<p>Steve Ritchie con licencia de Hanna-Barbera y voces digitalizadas de los actores de la película de 1994. La mesa más familiar de la lista — accesible para cualquier edad — con un juego más profundo de lo que la licencia hace prever. El Bedrock Express, La Cosa... espera, eso era otra mesa. Aquí es el Dino y el Quarry. Más de <strong>5.000 unidades</strong> que siguen funcionando en bares de toda Europa.</p>\r\n\r\n<hr>\r\n\r\n<h2>8. Bride of Pinbot (1991) — Williams</h2>\r\n\r\n<p>La secuela de Pinbot — una de las mesas más icónicas de los 80 — llegó con una novedad que nadie esperaba: un objetivo femenino que se iba construyendo a medida que jugabas. Primero los ojos, luego la cara, luego el cuerpo completo. Era narrativa dentro de una mesa de pinball, algo que en 1991 era revolucionario. El mecanismo de la cabeza giratoria es uno de los más imitados de la historia.</p>\r\n\r\n<hr>\r\n\r\n<h2>9. Indiana Jones: The Pinball Adventure (1993) — Williams</h2>\r\n\r\n<p>Steve Ritchie otra vez, con la licencia más épica posible. Tres películas condensadas en una mesa: el Arca de la Alianza, el Templo Maldito, el Santo Grial. Los modos se activan en orden cronológico por película y la acumulación de objetivos da una sensación de aventura que pocas mesas han conseguido. La música de John Williams ayuda considerablemente.</p>\r\n\r\n<hr>\r\n\r\n<h2>10. Scared Stiff (1996) — Bally</h2>\r\n\r\n<p>La continuación espiritual de Elvira and the Party Monsters, con Elvira presentando cada modo con ese humor de serie B que es exactamente lo que el pinball necesitaba a mediados de los 90. Scared Stiff tiene el mejor multibola de la lista — <strong>Stiff-O-Meter Multiball</strong> — y una personalidad visual que hace que cualquier partida parezca un capítulo de una serie de terror de los 80 que nunca existió pero debería haber existido.</p>\r\n\r\n<hr>\r\n\r\n<p>Lo que tienen en común estas diez mesas es que ninguna necesita explicación. Las ves encendidas en un bar o en un recreativo y ya sabes lo que tienes que hacer. Metes la moneda, lanzas la bola y el resto pasa solo.</p>\r\n\r\n<p>El pinball lleva muerto desde los años 90 según la gente que no entiende de pinball. Las mesas de esta lista siguen funcionando, siguen tragándose monedas y siguen convirtiendo a nuevos aficionados cada día. Hay cosas que simplemente no mueren.</p>\r\n\r\n<p><em>¿Cuál es tu mesa favorita? ¿Falta alguna en esta lista? Los comentarios son tuyos.</em></p>', '\\assets\\images\\Blogpinball.jpg', '', '2026-05-04', 1, '2026-05-04 20:02:23'),
	(8, 'mejores-pinballs-fabricados-en-espana', 'Los mejores pinballs fabricados en España: una industria que el mundo no conoce', 'HISTORIA', '<p>Cuando hablas de pinball, todo el mundo piensa en <strong>Williams</strong>. En <strong>Bally</strong>. En <strong>Stern</strong>. En las grandes fábricas de Chicago que dominaron el mercado mundial durante décadas. Lo que muy poca gente sabe —y aquí está la gracia del asunto— es que <strong>España tuvo su propia industria pinballera</strong>. Una industria real, con fabricantes serios, máquinas exportadas a toda Europa y un catálogo que merece mucho más reconocimiento del que tiene.</p>\r\n\r\n<p>Entre los años 70 y los 90, un puñado de empresas españolas —la mayoría catalanas— fabricaron cientos de modelos que llegaron a bares, salones recreativos y locales de toda la península y más allá. No eran copias baratas de los americanos. Eran <strong>diseños propios</strong>, con su propio hardware, su propia electrónica y, en algunos casos, una personalidad muy particular.</p>\r\n\r\n<p>Este es el repaso que nadie ha hecho todavía en español.</p>\r\n\r\n<hr>\r\n\r\n<h2>EL PETACO — JUEGOS POPULARES · Madrid, años 80</h2>\r\n\r\n<p>Empezamos por el que todos conocéis aunque no sepáis su nombre. <em>El Petaco</em>. Si creciste en España en los años 80 y frecuentaste algún bar, cafetería o salón de juegos, lo has visto. Era ese pinball compacto, más pequeño que los americanos, con una mecánica simplificada y un precio de crédito ajustado para el bolsillo de cualquier parroquiano.</p>\r\n\r\n<p><strong>Juegos Populares</strong>, empresa madrileña, entendió perfectamente el mercado español: no necesitabas una máquina enorme y cara para poner en el bar del barrio. Necesitabas algo asequible, robusto y que metiera monedas. El Petaco lo hizo durante años y se convirtió en un icono de la hostelería española que todavía hoy genera una nostalgia irracional en cualquiera que lo mencione.</p>\r\n\r\n<blockquote>No era el pinball más sofisticado del mundo. Pero era el nuestro. Y eso vale más que cualquier licencia americana.</blockquote>\r\n\r\n<hr>\r\n\r\n<h2>PEYPER — Barcelona · 1981–1993</h2>\r\n\r\n<p>Si hay una empresa española que merece estar en cualquier conversación seria sobre pinball europeo, esa es <strong>Peyper</strong>. Fundada en Barcelona, llegó a ser uno de los fabricantes más activos del continente durante los años 80. Sus máquinas tenían un acabado serio, electrónica propia y una estética que mezclaba la energía del arcade con las temáticas de moda de la época.</p>\r\n\r\n<p><strong>Odin (1985)</strong> es probablemente su obra más reconocida entre los coleccionistas actuales. Temática de mitología nórdica, campo de juego bien diseñado, electrónica sólida. Si buscas una máquina española para coleccionar, el Odin siempre aparece en las listas cortas.</p>\r\n\r\n<p><strong>Ator (1984)</strong>, inspirada en el personaje de película de serie B del mismo nombre, es un ejemplo perfecto de lo que hacía Peyper bien: coger una licencia de segunda fila y montarle encima una máquina entretenida y funcional.</p>\r\n\r\n<p><strong>Wolf Man (1987)</strong> llegó en plena fiebre del terror ochentero y aprovechó la ola. Estética oscura, buena jugabilidad, y una de las últimas grandes apuestas de la empresa antes de que el mercado empezara a complicarse.</p>\r\n\r\n<p><strong>Roller Aces (1987)</strong> y <strong>Nightflight (1989)</strong> completaron su catálogo final. Peyper cerró a principios de los 90 cuando el mercado del pinball entró en crisis general, pero dejó un legado que los coleccionistas europeos todavía rastrean con devoción.</p>\r\n\r\n<hr>\r\n\r\n<h2>PLAYMATIC — Barcelona · 1970–1985</h2>\r\n\r\n<p><strong>Playmatic</strong> es probablemente el fabricante español más prolífico de todos. Empezaron en los años 70 con máquinas electromecánicas y evolucionaron hacia los sistemas de estado sólido cuando la industria lo exigió. En su momento de máxima producción llegaron a fabricar decenas de modelos distintos.</p>\r\n\r\n<p><strong>Evil Fight (1980)</strong> es su máquina más recordada. Temática de artes marciales —absolutamente de época—, electrónica propia y una jugabilidad directa que funcionaba muy bien en el entorno de bar. Es de esas máquinas que, cuando la ves restaurada en una foto, te genera un reconocimiento inmediato aunque nunca supieras su nombre.</p>\r\n\r\n<p><strong>Meg-Aaton (1984)</strong> fue una de sus últimas apuestas fuertes, con temática de ciencia ficción y un diseño más ambicioso que reflejaba los años de experiencia acumulados. Para entonces Playmatic ya competía directamente con los americanos en calidad de acabado.</p>\r\n\r\n<p><strong>Quick Silver (1983)</strong> y <strong>Blackball (1984)</strong> son otros títulos que aparecen constantemente en los inventarios de coleccionistas. Playmatic tuvo un final abrupto a mediados de los 80 —combinación de crisis del sector, competencia americana y problemas internos— pero durante quince años fue la empresa más seria que tuvo España en este mercado.</p>\r\n\r\n<hr>\r\n\r\n<h2>INDER — Bilbao · años 80</h2>\r\n\r\n<p><strong>Inder</strong> es el caso menos conocido de los tres grandes, pero no por eso menos interesante. Empresa vasca que fabricó pinballs durante los años 80 con una línea estética propia y resultados notables.</p>\r\n\r\n<p><strong>Brave Team (1985)</strong> es su título estrella: temática militar, campo de juego dinámico y una construcción robusta que ha hecho que muchos ejemplares hayan sobrevivido hasta hoy en buen estado. Entre los coleccionistas españoles es una de las máquinas más buscadas precisamente porque está bien hecha y representa algo propio.</p>\r\n\r\n<p><strong>Corsario (1986)</strong> siguió la estela con temática de piratas, aprovechando que en ese año todo el mundo quería sacar algo con espadas y barcos. Correcta en todos sus aspectos, sin llegar a ser revolucionaria.</p>\r\n\r\n<p>Lo que distinguía a Inder era la <strong>robustez</strong>. Máquinas pensadas para aguantar, construidas con criterio industrial. Quizás por eso todavía aparecen ejemplares en buen estado con más frecuencia que los de otros fabricantes.</p>\r\n\r\n<hr>\r\n\r\n<h2>POR QUÉ IMPORTA ESTO</h2>\r\n\r\n<p>España nunca debería haber tenido industria pinballera. Éramos un mercado periférico, con menos poder adquisitivo que los grandes países europeos, sin tradición en fabricación de electrónica de entretenimiento y dependientes de lo que llegaba de fuera.</p>\r\n\r\n<p>Y aun así, durante veinte años, un grupo de empresas catalanas y vascas fabricó máquinas que se vendieron en <strong>Francia, Alemania, Italia y el Reino Unido</strong>. Máquinas con diseño español, electrónica española, que competían —no siempre en igualdad de condiciones, pero competían— con los grandes americanos.</p>\r\n\r\n<p>Es una historia que casi nadie cuenta. Y es una lástima, porque cuando la conoces, te cambia un poco la perspectiva sobre lo que fue capaz de hacer la industria de este país cuando nadie la miraba.</p>\r\n\r\n<blockquote>La próxima vez que veas un pinball antiguo en un bar de pueblo, antes de pasar de largo, mira la placa del fabricante. Igual te llevas una sorpresa.</blockquote>', '\\assets\\images\\PInballspain.png', '', '2026-05-05', 1, '2026-05-05 20:56:31');

-- Volcando estructura para tabla myarcadezone.comentarios
CREATE TABLE IF NOT EXISTS `comentarios` (
  `id` int NOT NULL AUTO_INCREMENT,
  `juego_id` int NOT NULL,
  `nombre` varchar(100) COLLATE utf8mb4_unicode_ci NOT NULL,
  `texto` text COLLATE utf8mb4_unicode_ci NOT NULL,
  `fecha` timestamp NOT NULL DEFAULT CURRENT_TIMESTAMP,
  `aprobado` tinyint(1) NOT NULL DEFAULT '1',
  PRIMARY KEY (`id`),
  KEY `juego_id` (`juego_id`),
  CONSTRAINT `comentarios_ibfk_1` FOREIGN KEY (`juego_id`) REFERENCES `juegos` (`id`) ON DELETE CASCADE
) ENGINE=InnoDB DEFAULT CHARSET=utf8mb4 COLLATE=utf8mb4_unicode_ci;

-- Volcando datos para la tabla myarcadezone.comentarios: ~0 rows (aproximadamente)

-- Volcando estructura para tabla myarcadezone.galeria
CREATE TABLE IF NOT EXISTS `galeria` (
  `id` int NOT NULL AUTO_INCREMENT,
  `juego_id` int NOT NULL,
  `imagen_url` varchar(500) COLLATE utf8mb4_unicode_ci DEFAULT NULL,
  `caption` varchar(300) COLLATE utf8mb4_unicode_ci DEFAULT NULL,
  `orden` tinyint NOT NULL DEFAULT '0',
  PRIMARY KEY (`id`),
  KEY `juego_id` (`juego_id`),
  CONSTRAINT `galeria_ibfk_1` FOREIGN KEY (`juego_id`) REFERENCES `juegos` (`id`) ON DELETE CASCADE
) ENGINE=InnoDB DEFAULT CHARSET=utf8mb4 COLLATE=utf8mb4_unicode_ci;

-- Volcando datos para la tabla myarcadezone.galeria: ~0 rows (aproximadamente)

-- Volcando estructura para tabla myarcadezone.hardware
CREATE TABLE IF NOT EXISTS `hardware` (
  `id` int NOT NULL AUTO_INCREMENT,
  `slug` varchar(100) COLLATE utf8mb4_unicode_ci NOT NULL,
  `nombre` varchar(200) COLLATE utf8mb4_unicode_ci NOT NULL,
  `fabricante` varchar(150) COLLATE utf8mb4_unicode_ci DEFAULT NULL,
  `anno` smallint DEFAULT NULL,
  `categoria` enum('placa','monitor','cabinet','mando','otro') COLLATE utf8mb4_unicode_ci NOT NULL DEFAULT 'placa',
  `descripcion_html` mediumtext COLLATE utf8mb4_unicode_ci,
  `imagen_cover` varchar(500) COLLATE utf8mb4_unicode_ci DEFAULT NULL,
  `publicado` tinyint(1) NOT NULL DEFAULT '0',
  `created_at` timestamp NOT NULL DEFAULT CURRENT_TIMESTAMP,
  PRIMARY KEY (`id`),
  UNIQUE KEY `slug` (`slug`)
) ENGINE=InnoDB AUTO_INCREMENT=4 DEFAULT CHARSET=utf8mb4 COLLATE=utf8mb4_unicode_ci;

-- Volcando datos para la tabla myarcadezone.hardware: ~3 rows (aproximadamente)
INSERT INTO `hardware` (`id`, `slug`, `nombre`, `fabricante`, `anno`, `categoria`, `descripcion_html`, `imagen_cover`, `publicado`, `created_at`) VALUES
	(1, 'cps-1', 'CPS-1', 'Capcom', 1988, 'placa', '<div class="hw-bio">\r\n  <p>La <strong>Capcom Play System 1</strong> fue la primera placa arcade desarrollada íntegramente por Capcom y marcó el inicio de una era dorada para los recreativos de lucha y acción. Presentada en 1988 con <em>Forgotten Worlds</em>, la CPS-1 se convirtió en la plataforma de referencia de finales de los 80 y principios de los 90.</p>\r\n  <p>Su arquitectura permitía sprites grandes con rotación y escalado, una paleta de color generosa para la época y un sonido de alta calidad gracias al chip OKI M6295. Títulos como <strong>Street Fighter II</strong>, <strong>Final Fight</strong> o <strong>Captain Commando</strong> nacieron en esta placa y definieron géneros completos.</p>\r\n</div>\r\n<div class="hw-section">\r\n  <div class="hw-section-title">ARQUITECTURA</div>\r\n  <p>La CPS-1 utilizaba un procesador Motorola 68000 a 10 MHz para la lógica principal, respaldado por un Z80 dedicado exclusivamente al audio. El subsistema gráfico personalizadopermitía múltiples capas de scroll y sprites con prioridad, algo inusual en placas de la época a ese precio.</p>\r\n</div>\r\n<div class="hw-section">\r\n  <div class="hw-section-title">JUEGOS DESTACADOS</div>\r\n  <div class="hw-games-grid">\r\n    <div class="hw-game-tag">Street Fighter II (1991)</div>\r\n    <div class="hw-game-tag">Final Fight (1989)</div>\r\n    <div class="hw-game-tag">Captain Commando (1991)</div>\r\n    <div class="hw-game-tag">Ghosts \'n Goblins (1985)*</div>\r\n    <div class="hw-game-tag">Mercs (1990)</div>\r\n    <div class="hw-game-tag">1941 (1990)</div>\r\n    <div class="hw-game-tag">Strider (1989)</div>\r\n    <div class="hw-game-tag">King of Dragons (1991)</div>\r\n  </div>\r\n  <p style="font-size:11px;color:#444;margin-top:8px">* Versión CPS-1 adaptada del original</p>\r\n</div>', '\\assets\\images\\CPS-1.jpg', 1, '2026-04-22 20:53:35'),
	(2, 'cps-2', 'CPS-2', 'Capcom', 1993, 'placa', '<div class="hw-bio">\r\n  <p>La <strong>Capcom Play System 2</strong> supuso un salto generacional sobre su predecesora. Lanzada en 1993 con <em>Super Street Fighter II Turbo</em>, la CPS-2 incorporó un sistema de seguridad basado en batería que causó controversia: al agotarse, la placa dejaba de funcionar. Aun así, su potencia gráfica y sonora la convirtió en la reina de los recreativos durante toda la década de los 90.</p>\r\n  <p>Su diseño modular con placa <em>A-board</em> (hardware base) y <em>B-board</em> (el juego) permitía intercambiar títulos sin cambiar toda la electrónica, reduciendo costes para los operadores de salones.</p>\r\n</div>\r\n<div class="hw-section">\r\n  <div class="hw-section-title">SISTEMA DE SEGURIDAD</div>\r\n  <p>La CPS-2 fue la primera placa arcade en incluir un chip de seguridad alimentado por batería. Al agotarse esta (tras unos 5-10 años), la placa entraba en modo <em>suicide</em> y borraba las claves de cifrado, inutilizándola. En 2007, la comunidad de MAME logró crackear el sistema y preservar todos los títulos.</p>\r\n</div>\r\n<div class="hw-section">\r\n  <div class="hw-section-title">JUEGOS DESTACADOS</div>\r\n  <div class="hw-games-grid">\r\n    <div class="hw-game-tag">Super SF II Turbo (1994)</div>\r\n    <div class="hw-game-tag">Street Fighter Alpha (1995)</div>\r\n    <div class="hw-game-tag">Marvel Super Heroes (1995)</div>\r\n    <div class="hw-game-tag">X-Men vs Street Fighter (1996)</div>\r\n    <div class="hw-game-tag">Darkstalkers (1994)</div>\r\n    <div class="hw-game-tag">Alien vs Predator (1994)</div>\r\n    <div class="hw-game-tag">Dungeons & Dragons (1993)</div>\r\n    <div class="hw-game-tag">Progear (2001)</div>\r\n  </div>\r\n</div>', NULL, 1, '2026-04-22 20:53:35'),
	(3, 'neo-geo-mvs', 'Neo Geo MVS', 'SNK', 1990, 'placa', '<div class="hw-bio">\r\n  <p>El <strong>Neo Geo Multi Video System</strong> fue una propuesta radicalmente diferente al resto de placas arcade de su época. SNK diseñó un sistema que compartía arquitectura exacta con su consola doméstica Neo Geo AES, lo que significaba que los juegos de arcade llegaban al salón y al hogar con calidad idéntica, algo sin precedentes en 1990.</p>\r\n  <p>Los gabinetes MVS permitían alojar entre 1 y 6 cartuchos simultáneamente, dando a los operadores una flexibilidad enorme. La plataforma se mantuvo en producción activa hasta <strong>2004</strong>, convirtiéndose en la placa arcade con mayor longevidad de la historia.</p>\r\n</div>\r\n<div class="hw-section">\r\n  <div class="hw-section-title">MODELO DE NEGOCIO ÚNICO</div>\r\n  <p>SNK apostó por un sistema de cartuchos intercambiables en lugar de PCBs soldadas. Esto permitía a los salones recreativos cambiar los juegos en minutos y ofrecer hasta 6 títulos diferentes en un único cabinet. El precio de los cartuchos MVS era muy inferior al de las versiones AES domésticas.</p>\r\n</div>\r\n<div class="hw-section">\r\n  <div class="hw-section-title">JUEGOS DESTACADOS</div>\r\n  <div class="hw-games-grid">\r\n    <div class="hw-game-tag">Fatal Fury (1991)</div>\r\n    <div class="hw-game-tag">Art of Fighting (1992)</div>\r\n    <div class="hw-game-tag">King of Fighters \'94 (1994)</div>\r\n    <div class="hw-game-tag">Samurai Shodown (1993)</div>\r\n    <div class="hw-game-tag">Metal Slug (1996)</div>\r\n    <div class="hw-game-tag">Last Blade (1997)</div>\r\n    <div class="hw-game-tag">Garou: Mark of Wolves (1999)</div>\r\n    <div class="hw-game-tag">Pulstar (1995)</div>\r\n  </div>\r\n</div>', '\\assets\\images\\Neo Geo.jpg', 1, '2026-04-22 20:53:35');

-- Volcando estructura para tabla myarcadezone.hardware_galeria
CREATE TABLE IF NOT EXISTS `hardware_galeria` (
  `id` int NOT NULL AUTO_INCREMENT,
  `hardware_id` int NOT NULL,
  `imagen_url` varchar(500) COLLATE utf8mb4_unicode_ci NOT NULL,
  `caption` varchar(300) COLLATE utf8mb4_unicode_ci DEFAULT NULL,
  `orden` tinyint NOT NULL DEFAULT '0',
  PRIMARY KEY (`id`),
  KEY `hardware_id` (`hardware_id`),
  CONSTRAINT `hardware_galeria_ibfk_1` FOREIGN KEY (`hardware_id`) REFERENCES `hardware` (`id`) ON DELETE CASCADE
) ENGINE=InnoDB DEFAULT CHARSET=utf8mb4 COLLATE=utf8mb4_unicode_ci;

-- Volcando datos para la tabla myarcadezone.hardware_galeria: ~0 rows (aproximadamente)

-- Volcando estructura para tabla myarcadezone.hardware_specs
CREATE TABLE IF NOT EXISTS `hardware_specs` (
  `id` int NOT NULL AUTO_INCREMENT,
  `hardware_id` int NOT NULL,
  `clave` varchar(100) COLLATE utf8mb4_unicode_ci NOT NULL,
  `valor` varchar(300) COLLATE utf8mb4_unicode_ci NOT NULL,
  `orden` tinyint NOT NULL DEFAULT '0',
  PRIMARY KEY (`id`),
  KEY `hardware_id` (`hardware_id`),
  CONSTRAINT `hardware_specs_ibfk_1` FOREIGN KEY (`hardware_id`) REFERENCES `hardware` (`id`) ON DELETE CASCADE
) ENGINE=InnoDB AUTO_INCREMENT=33 DEFAULT CHARSET=utf8mb4 COLLATE=utf8mb4_unicode_ci;

-- Volcando datos para la tabla myarcadezone.hardware_specs: ~32 rows (aproximadamente)
INSERT INTO `hardware_specs` (`id`, `hardware_id`, `clave`, `valor`, `orden`) VALUES
	(1, 1, 'CPU principal', 'Motorola 68000 @ 10 MHz', 1),
	(2, 1, 'CPU audio', 'Zilog Z80 @ 3.579 MHz', 2),
	(3, 1, 'Chip de sonido', 'YM2151 + OKI M6295', 3),
	(4, 1, 'Resolución', '384 × 224 px', 4),
	(5, 1, 'Paleta de color', '4.096 colores (12-bit)', 5),
	(6, 1, 'Sprites en pantalla', 'Hasta 256 simultáneos', 6),
	(7, 1, 'RAM principal', '128 KB', 7),
	(8, 1, 'Conector', 'JAMMA', 8),
	(9, 1, 'Años en producción', '1988 – 1995', 9),
	(10, 1, 'Títulos publicados', '33', 10),
	(11, 2, 'CPU principal', 'Motorola 68000 @ 16 MHz', 1),
	(12, 2, 'CPU audio', 'Zilog Z80 @ 8 MHz', 2),
	(13, 2, 'Chip de sonido', 'Q-Sound (DSP16A)', 3),
	(14, 2, 'Resolución', '384 × 224 px', 4),
	(15, 2, 'Paleta de color', '65.536 colores (16-bit)', 5),
	(16, 2, 'Sprites en pantalla', 'Hasta 900 simultáneos', 6),
	(17, 2, 'RAM principal', '2 MB', 7),
	(18, 2, 'Seguridad', 'Chip suicide por batería', 8),
	(19, 2, 'Diseño', 'Modular A-board + B-board', 9),
	(20, 2, 'Años en producción', '1993 – 2003', 10),
	(21, 2, 'Títulos publicados', '57', 11),
	(22, 3, 'CPU principal', 'Motorola 68000 @ 12 MHz', 1),
	(23, 3, 'CPU audio', 'Zilog Z80 @ 4 MHz', 2),
	(24, 3, 'Chip de sonido', 'Yamaha YM2610', 3),
	(25, 3, 'Resolución', '320 × 224 px', 4),
	(26, 3, 'Paleta de color', '65.536 colores (16-bit)', 5),
	(27, 3, 'Sprites en pantalla', 'Hasta 380 simultáneos', 6),
	(28, 3, 'RAM principal', '64 KB + 68 KB VRAM', 7),
	(29, 3, 'Slots de cartucho', '1 a 6 slots según modelo', 8),
	(30, 3, 'Compatible con', 'Neo Geo AES (cartuchos)', 9),
	(31, 3, 'Años en producción', '1990 – 2004', 10),
	(32, 3, 'Títulos publicados', '148', 11);

-- Volcando estructura para tabla myarcadezone.juegos
CREATE TABLE IF NOT EXISTS `juegos` (
  `id` int NOT NULL AUTO_INCREMENT,
  `slug` varchar(100) COLLATE utf8mb4_unicode_ci NOT NULL,
  `titulo` varchar(200) COLLATE utf8mb4_unicode_ci NOT NULL,
  `desarrollador` varchar(150) COLLATE utf8mb4_unicode_ci DEFAULT NULL,
  `publisher` varchar(300) COLLATE utf8mb4_unicode_ci DEFAULT NULL,
  `anno` smallint DEFAULT NULL,
  `genero` varchar(100) COLLATE utf8mb4_unicode_ci DEFAULT NULL,
  `plataforma_original` varchar(100) COLLATE utf8mb4_unicode_ci DEFAULT NULL,
  `plataformas` varchar(200) COLLATE utf8mb4_unicode_ci DEFAULT NULL,
  `descripcion_corta` text COLLATE utf8mb4_unicode_ci,
  `nota` decimal(3,1) DEFAULT NULL,
  `badge_tipo` varchar(50) COLLATE utf8mb4_unicode_ci DEFAULT NULL,
  `badge_texto` varchar(100) COLLATE utf8mb4_unicode_ci DEFAULT NULL,
  `audio_url` varchar(500) COLLATE utf8mb4_unicode_ci DEFAULT NULL,
  `audio_titulo` varchar(200) COLLATE utf8mb4_unicode_ci DEFAULT NULL,
  `video_youtube` varchar(500) COLLATE utf8mb4_unicode_ci DEFAULT NULL,
  `imagen_cover` varchar(500) COLLATE utf8mb4_unicode_ci DEFAULT NULL,
  `veredicto_texto` text COLLATE utf8mb4_unicode_ci,
  `pros` text COLLATE utf8mb4_unicode_ci,
  `contras` text COLLATE utf8mb4_unicode_ci,
  `links_html` text COLLATE utf8mb4_unicode_ci,
  `publicada` tinyint(1) NOT NULL DEFAULT '0',
  `fecha_publicacion` date DEFAULT NULL,
  `created_at` timestamp NOT NULL DEFAULT CURRENT_TIMESTAMP,
  PRIMARY KEY (`id`),
  UNIQUE KEY `slug` (`slug`)
) ENGINE=InnoDB AUTO_INCREMENT=20 DEFAULT CHARSET=utf8mb4 COLLATE=utf8mb4_unicode_ci;

-- Volcando datos para la tabla myarcadezone.juegos: ~7 rows (aproximadamente)
INSERT INTO `juegos` (`id`, `slug`, `titulo`, `desarrollador`, `publisher`, `anno`, `genero`, `plataforma_original`, `plataformas`, `descripcion_corta`, `nota`, `badge_tipo`, `badge_texto`, `audio_url`, `audio_titulo`, `video_youtube`, `imagen_cover`, `veredicto_texto`, `pros`, `contras`, `links_html`, `publicada`, `fecha_publicacion`, `created_at`) VALUES
	(1, 'street-fighter-ii', 'Street Fighter II', 'Capcom', 'Capcom', 1991, 'Lucha', 'Arcade CPS-I', 'SNES, Mega Drive, PC Engine, PS1, Saturn, GBA', 'El juego de lucha que lo cmabió todo', 9.0, 'destacada', 'RESEÑA DESTACADA', 'https://ia601604.us.archive.org/2/items/street-fighter-ii-arcade-music-ryu-stage-cps-1/Street%20Fighter%20II%20Arcade%20Music%20-%20Ryu%20Stage%20-%20CPS1.mp3', 'Street Fighter II Arcade Music - Ryu Stage - CPS1', 'https://www.youtube.com/watch?v=6OlenbCC4WI', '/assets/images/sf2_cover.jpeg', 'Street Fighter II no es solo un gran juego: es el Big Bang del género de lucha. \r\nAntes de él existían juegos de pelea, pero ninguno había combinado de forma \r\ntan perfecta el elenco de personajes, la profundidad técnica y la jugabilidad \r\ninmediata. Treinta años después sigue siendo el referente con el que se mide \r\ntodo lo demás.', 'Sistema de lucha profundo y accesible a la vez\r\n8 personajes con estilos radicalmente distintos\r\nMúsica que se te queda grabada para siempre\r\nGráficos espectaculares para 1991\r\nRejugabilidad infinita\r\nDefinió un género entero', 'La IA en dificultades altas hace trampas descaradas\r\nAlgunos personajes están claramente desequilibrados\r\nEl modo un jugador se queda corto', '<a href="https://www.mobygames.com/game/street-fighter-ii-the-world-warrior" target="_blank">MobyGames — Ficha técnica y capturas de todas las plataformas</a>\r\n<a href="https://streetfighter.fandom.com/wiki/Street_Fighter_II:_The_World_Warrior" target="_blank">Street Fighter Wiki — Historia completa y datos del juego</a>\r\n<a href="https://www.youtube.com/watch?v=eoMgmYsWjyI" target="_blank">YouTube — Banda sonora completa arcade original</a>', 1, '2026-04-19', '2026-04-19 20:04:07'),
	(12, 'final-fight', 'Final Fight', 'Capcom', 'Capcom', 1989, 'Beat \'em up', 'Arcade CPS-I', 'SNES, Mega-CD, GBA', 'El beat \'em up que lo cambió todo. Metro City nunca fue tan peligrosa ni tan divertida.', 9.0, 'destacada', '', 'https://ia601605.us.archive.org/20/items/final-fight-arcade-opening-theme/Final%20Fight%20%28Arcade%29%20-%20Opening%20Theme.mp3', 'Final Fight Music Arcade (Yoshihiro Sakaguchi)', 'https://www.youtube.com/watch?v=5YcfUCVcXEk', '\\assets\\images\\ffight.png', 'Final Fight no es un juego perfecto. Las versiones domésticas sufrieron recortes importantes (sin modo cooperativo en la versión SNES, personajes eliminados), y la versión arcade en solitario puede resultar despiadada con su sistema de economía de monedas. Pero en su plataforma original —la recreativa— es una obra maestra del género.', 'Sprites enormes y animación fluida para 1989\r\nSistema de combate con más profundidad de la que parece\r\nTres personajes con estilos muy diferenciados\r\nJefes memorables con patrones únicos\r\nBanda sonora de primer nivel (Yoshihiro Sakaguchi)\r\nDiseño de niveles variado en atmósfera y paleta visual', 'Versión SNES sin cooperativo y con personajes recortados\r\nMuy tragaperras en su versión recreativa original\r\nAlgo corto para jugadores experimentados', '', 1, '2026-04-24', '2026-04-24 20:34:17'),
	(14, 'pac-man', 'Pac-Man', 'Namco', 'Midway (versión USA)', 1980, 'Otros', 'Arcade (Namco Pac-Man hardware)', '', 'El juego que sacó el arcade de los bares y lo metió en el salón de tu casa. Waka waka...', 8.7, 'destacada', '', '', '', 'https://www.youtube.com/watch?v=i_OjztdQ8iw', '/assets/images/Pac-man_cover.jpg', 'El juego que inventó la cultura del arcade tal como la conocemos. No es el más difícil ni el más espectacular, pero ningún otro título ha hecho tanto con tan poco. Cuarenta años después sigue siendo perfecto.', 'Mecánica accesible para cualquiera desde el primer segundo\r\nLos cuatro fantasmas con IA propia — cada uno diferente\r\nEl diseño del laberinto es un ejercicio de equilibrio perfecto\r\nLas Power Pellets invierten la dinámica de caza en un instante\r\nEl sonido más reconocible de la historia de los videojuegos', 'La dificultad escala de forma brutal a partir del nivel 5\r\nSin fin real — solo el kill screen del nivel 256\r\nLa versión Atari 2600 fue un desastre que manchó el nombre', '<a href="https://www.arcade-museum.com/game_detail.php?game_id=9074" target="_blank">● Arcade Museum — Ficha técnica</a>\r\n<a href="https://en.wikipedia.org/wiki/Pac-Man" target="_blank">● Wikipedia — Pac-Man</a>', 1, '2026-04-27', '2026-04-27 19:01:14'),
	(15, 'cadillacs-and-dinosaurs', 'Cadillacs and Dinosaurs', 'Capcom', 'Capcom', 1992, 'Beat \'em up', 'Arcade CPS-I', '', 'Un beat \'em up de Capcom ambientado en un mundo post-apocalíptico donde los coches de los años 50 conviven con dinosaurios prehistóricos. Cuatro personajes, puños a mansalva y uno de los arcades más espectaculares de su época.', 8.8, 'destacada', '', 'https://ia902805.us.archive.org/20/items/06-cadillacs-the-four-heroes-stage-1-1-ending-2/06-Cadillacs%20-The%20Four%20Heroes-%20%28Stage%201-1%2C%20Ending%202%29.mp3', '', 'https://www.youtube.com/watch?v=eRbsZMrYEvA', '\\assets\\images\\Cadillacs.jpg', '', 'Ambientación única irrepetible, dinosaurios como arma de combate, cooperativo a cuatro jugadores, música brutal para la época, sprites enormes y detallados en CPS-1.', 'Repetitivo en solitario, jefes finales con demasiada vida que alargan el juego artificialmente, nunca tuvo segunda parte.', '', 1, '2026-05-01', '2026-05-01 17:12:43'),
	(17, 'the-flinstones', 'The Flinstones', 'Williams', 'Williams', 1994, 'Pinball', '', '', '', 8.2, 'destacada', '', 'https://ia903209.us.archive.org/7/items/the-flintstones-pinball-music/The%20Flintstones%20%28pinball%20music%29.mp3', 'The Flinstones (Pinball)', 'youtube.com/watch?v=mUOFZG-TM6s&time_continue=2&source_ve_path=NzY3NTg&embeds_referring_euri=http%3A%2F%2Fmyarcadezone.test%2F', '\\assets\\images\\flinstones.jpg', '', '', '', '', 1, '2026-05-04', '2026-05-04 06:49:09'),
	(18, 'the-addams-family-pinball', 'The Addams Family', 'Williams', 'Williams', 1992, 'Pinball', '', '', '', 9.5, 'destacada', '', 'https://ia600505.us.archive.org/17/items/the-addams-family-pinball-soundtrack/The%20Addams%20Family%20%20pinball%20Soundtrack.mp3', '', 'https://www.youtube.com/watch?v=WUSobAWbwZk', '\\assets\\images\\Addams.jpg', 'The Addams Family no es solo el pinball más vendido de la historia — es la demostración definitiva de lo que el pinball puede ser cuando todo sale bien al mismo tiempo. Licencia perfecta, diseñador en su mejor momento, tecnología de audio sin precedentes y un layout que ha resistido treinta años sin envejecer.\r\n\r\nSi alguna vez tienes la oportunidad de jugar en una máquina original en buen estado, hazlo. No importa si nunca has tocado un pinball. No importa si los videojuegos te parecen más interesantes. The Addams Family es una experiencia que trasciende el género.', 'Las voces de Raul Julia y Anjelica Huston, La Cosa como elemento interactivo, 13 modos con Wizard Mode, profundidad de reglas inagotable, icónico visualmente.', 'El precio en el mercado de coleccionismo es elevado y sigue subiendo. Las piezas originales son difíciles de conseguir.', '', 1, '2026-05-04', '2026-05-04 19:25:19'),
	(19, 'terminator-2-judgment-day', 'Terminator 2: Judgment Day', 'Williams', 'Williams', 1991, 'Pinball', '', '', 'El pinball de Steve Ritchie basado en la película de James Cameron. El cañón de plasma como lanzador secundario fue una revolución en 1991. Más de 15.000 unidades fabricadas. Una mesa que funciona igual de bien hoy que hace treinta años.', 9.2, 'destacada', '', 'https://ia903204.us.archive.org/9/items/terminator-2-judgment-day_202605/Terminator%202%20Judgment%20Day.mp3', 'Terminator 2: Judgment day', 'https://www.youtube.com/watch?v=Dqb2GX28nls', '\\assets\\images\\Terminator2.jpg', 'Terminator 2 es el pinball perfecto para quien quiere velocidad antes que profundidad. No tiene las reglas complejas de The Twilight Zone ni la narrativa de The Addams Family, pero tiene algo que esas mesas no tienen: una energía bruta e inmediata que engancha desde el primer segundo.\r\n\r\nEl cañón de plasma sigue siendo el mecanismo más satisfactorio de usar en la historia del pinball. Las voces de Schwarzenegger siguen funcionando treinta años después. Y la mesa en su conjunto sigue siendo, partida tras partida, exactamente lo que promete: una máquina de guerra. \r\nImprescindible si: Eres fan de la película, quieres una mesa rápida y directa, o buscas una T2 como primera compra de coleccionista.', 'El cañón de plasma como revolución mecánica, voces originales de Schwarzenegger, velocidad y fluidez excepcionales, backglass icónico, sistema WPC fiable.', 'Reglas más simples que otros Williams de la época, el Wizard Mode es difícil de alcanzar para jugadores casuales.', '', 1, '2026-05-05', '2026-05-05 20:20:35');

-- Volcando estructura para tabla myarcadezone.juego_personaje
CREATE TABLE IF NOT EXISTS `juego_personaje` (
  `juego_id` int NOT NULL,
  `personaje_id` int NOT NULL,
  PRIMARY KEY (`juego_id`,`personaje_id`),
  KEY `personaje_id` (`personaje_id`),
  CONSTRAINT `juego_personaje_ibfk_1` FOREIGN KEY (`juego_id`) REFERENCES `juegos` (`id`) ON DELETE CASCADE,
  CONSTRAINT `juego_personaje_ibfk_2` FOREIGN KEY (`personaje_id`) REFERENCES `personajes` (`id`) ON DELETE CASCADE
) ENGINE=InnoDB DEFAULT CHARSET=utf8mb4 COLLATE=utf8mb4_unicode_ci;

-- Volcando datos para la tabla myarcadezone.juego_personaje: ~16 rows (aproximadamente)
INSERT INTO `juego_personaje` (`juego_id`, `personaje_id`) VALUES
	(1, 1),
	(1, 3),
	(1, 5),
	(1, 6),
	(1, 7),
	(1, 8),
	(1, 9),
	(1, 10),
	(12, 11),
	(12, 13),
	(12, 14),
	(14, 16),
	(15, 18),
	(15, 20),
	(15, 22),
	(15, 23);

-- Volcando estructura para tabla myarcadezone.personajes
CREATE TABLE IF NOT EXISTS `personajes` (
  `id` int NOT NULL AUTO_INCREMENT,
  `slug` varchar(100) COLLATE utf8mb4_unicode_ci NOT NULL,
  `nombre` varchar(150) COLLATE utf8mb4_unicode_ci NOT NULL,
  `juego_origen` varchar(150) COLLATE utf8mb4_unicode_ci DEFAULT NULL,
  `sprite_url` varchar(500) COLLATE utf8mb4_unicode_ci DEFAULT NULL,
  `notas_html` text COLLATE utf8mb4_unicode_ci,
  PRIMARY KEY (`id`),
  UNIQUE KEY `slug` (`slug`)
) ENGINE=InnoDB AUTO_INCREMENT=24 DEFAULT CHARSET=utf8mb4 COLLATE=utf8mb4_unicode_ci;

-- Volcando datos para la tabla myarcadezone.personajes: ~16 rows (aproximadamente)
INSERT INTO `personajes` (`id`, `slug`, `nombre`, `juego_origen`, `sprite_url`, `notas_html`) VALUES
	(1, 'ryu', 'RYU', 'Street Fighter II', 'sheet|/assets/sprites/ryu-sheet.png|4|120|175', '<p class="char-bio">\r\n  Ryu es el guerrero errante por excelencia del universo de Street Fighter. Discípulo del maestro Gouken, ha dedicado su vida entera a la búsqueda de la perfección en las artes marciales. Sin hogar fijo, viaja por el mundo desafiando a los combatientes más fuertes para forjarse como luchador. Su mayor batalla, sin embargo, no es contra sus rivales: es contra el <em>Satsui no Hado</em>, la oscura energía destructiva que amenaza con consumirlo desde adentro.\r\n</p>\r\n\r\n<div class="char-stats-grid">\r\n  <div class="char-stat"><div class="char-stat-label">Origen</div><div class="char-stat-value">Japón</div></div>\r\n  <div class="char-stat"><div class="char-stat-label">Estilo</div><div class="char-stat-value">Ansatsuken</div></div>\r\n  <div class="char-stat"><div class="char-stat-label">Maestro</div><div class="char-stat-value">Gouken</div></div>\r\n  <div class="char-stat"><div class="char-stat-label">Rival</div><div class="char-stat-value">Ken Masters</div></div>\r\n</div>\r\n\r\n<p class="char-section-title">STREET FIGHTER II</p>\r\n<div class="char-moves-grid">\r\n  <div class="char-move">\r\n    <div class="char-move-icon">🔥</div>\r\n    <div>\r\n      <div class="char-move-name">Hadouken</div>\r\n      <div class="char-move-input">↓↘→ + Puño</div>\r\n      <p class="char-move-desc">Proyectil de energía ki disparado con ambas manos. El golpe más icónico de toda la saga.</p>\r\n    </div>\r\n  </div>\r\n  <div class="char-move">\r\n    <div class="char-move-icon">⚡</div>\r\n    <div>\r\n      <div class="char-move-name">Shoryuken</div>\r\n      <div class="char-move-input">→↓↘ + Puño</div>\r\n      <p class="char-move-desc">Uppercut ascendente devastador. Invencible en los primeros fotogramas, el antiaire definitivo.</p>\r\n    </div>\r\n  </div>\r\n  <div class="char-move">\r\n    <div class="char-move-icon">🌀</div>\r\n    <div>\r\n      <div class="char-move-name">Tatsumaki Senpukyaku</div>\r\n      <div class="char-move-input">↓↙← + Patada</div>\r\n      <p class="char-move-desc">Patada giratoria que avanza hacia el rival. Permite cruzar la pantalla y encadenar combos.</p>\r\n    </div>\r\n  </div>\r\n</div>\r\n\r\n<p class="char-section-title">OTROS TÍTULOS</p>\r\n<div class="char-moves-grid">\r\n  <div class="char-move super">\r\n    <div class="char-move-icon">★</div>\r\n    <div>\r\n      <div class="char-move-name">Shinku Hadouken</div>\r\n      <div class="char-move-input">↓↘→↓↘→ + Puño</div>\r\n      <p class="char-move-desc">Super Art (SF Alpha / SF III). Hadouken masivo que ocupa toda la pantalla. Concentra el ki máximo de Ryu en un proyectil devastador.</p>\r\n    </div>\r\n  </div>\r\n  <div class="char-move super">\r\n    <div class="char-move-icon">★</div>\r\n    <div>\r\n      <div class="char-move-name">Shin Shoryuken</div>\r\n      <div class="char-move-input">↓↘→↓↘→ + Puño</div>\r\n      <p class="char-move-desc">Super Art (SF III). Triple Shoryuken en un único golpe ascendente. El movimiento más poderoso de Ryu.</p>\r\n    </div>\r\n  </div>\r\n</div>\r\n\r\n<p class="char-quote">"No me interesa ser el más fuerte. Me interesa ser mejor que ayer." — Ryu, Street Fighter III</p>'),
	(3, 'ken', 'Ken', 'Street Fighter II', 'sheet|/assets/sprites/Ken-sprite.png|4|101|175', '<p class="char-bio">\r\n  Ken Masters es el eterno rival y mejor amigo de Ryu. Heredero de una fortuna californiana, estudió bajo el maestro Gouken junto a Ryu y dominó el mismo estilo <em>Ansatsuken</em>, aunque su versión es más agresiva, flamígera y espectacular. A diferencia del ascético Ryu, Ken disfruta de la fama, el dinero y su novia Eliza — pero cuando pisa el tatami, nadie duda de su talento. Su <em>Shoryuken</em> ardiente es considerado el más devastador de la saga.\r\n</p>\r\n\r\n<div class="char-stats-grid">\r\n  <div class="char-stat"><div class="char-stat-label">Origen</div><div class="char-stat-value">EE.UU.</div></div>\r\n  <div class="char-stat"><div class="char-stat-label">Estilo</div><div class="char-stat-value">Ansatsuken</div></div>\r\n  <div class="char-stat"><div class="char-stat-label">Maestro</div><div class="char-stat-value">Gouken</div></div>\r\n  <div class="char-stat"><div class="char-stat-label">Rival</div><div class="char-stat-value">Ryu</div></div>\r\n</div>\r\n\r\n<p class="char-section-title">STREET FIGHTER II</p>\r\n<div class="char-moves-grid">\r\n  <div class="char-move">\r\n    <div class="char-move-icon">🔥</div>\r\n    <div>\r\n      <div class="char-move-name">Hadouken</div>\r\n      <div class="char-move-input">↓↘→ + Puño</div>\r\n      <p class="char-move-desc">Proyectil de energía ki con tono anaranjado, reflejo del carácter ardiente de Ken.</p>\r\n    </div>\r\n  </div>\r\n  <div class="char-move">\r\n    <div class="char-move-icon">🔥</div>\r\n    <div>\r\n      <div class="char-move-name">Shoryuken</div>\r\n      <div class="char-move-input">→↓↘ + Puño</div>\r\n      <p class="char-move-desc">Uppercut ascendente envuelto en llamas. Más potente y vistoso que el de Ryu — el puño de Ken arde al contacto.</p>\r\n    </div>\r\n  </div>\r\n  <div class="char-move">\r\n    <div class="char-move-icon">🌀</div>\r\n    <div>\r\n      <div class="char-move-name">Tatsumaki Senpukyaku</div>\r\n      <div class="char-move-input">↓↙← + Patada</div>\r\n      <p class="char-move-desc">Patada giratoria ejecutada con más velocidad que Ryu, ideal para cerrar distancia.</p>\r\n    </div>\r\n  </div>\r\n</div>\r\n\r\n<p class="char-section-title">OTROS TÍTULOS</p>\r\n<div class="char-moves-grid">\r\n  <div class="char-move super">\r\n    <div class="char-move-icon">★</div>\r\n    <div>\r\n      <div class="char-move-name">Shoryu Reppa</div>\r\n      <div class="char-move-input">↓↘→↓↘→ + Puño</div>\r\n      <p class="char-move-desc">Super Art (SF Alpha / SF III). Serie encadenada de Shoryukens en llamas. Sube al rival hacia el cielo ardiendo.</p>\r\n    </div>\r\n  </div>\r\n  <div class="char-move super">\r\n    <div class="char-move-icon">★</div>\r\n    <div>\r\n      <div class="char-move-name">Shinryuken</div>\r\n      <div class="char-move-input">↓↘→↓↘→ + Patada</div>\r\n      <p class="char-move-desc">Super Art (SF III). Shoryuken giratorio que crea un tornado de fuego. Devastador en esquina.</p>\r\n    </div>\r\n  </div>\r\n</div>\r\n\r\n<p class="char-quote">"¡Gana o pierde, lo importante es el espectáculo!" — Ken Masters</p>'),
	(5, 'blanka', 'Blanka', 'Street Fighter II', 'sheet|/assets/sprites/Blanka-sprite.png|3|182|175', '<p class="char-bio">\r\n  Blanka es uno de los personajes más salvajes e icónicos de Street Fighter II. Criado en las selvas del Amazonas tras sobrevivir a un accidente aéreo de niño, aprendió a luchar observando a los animales y desarrolló la extraordinaria capacidad de generar <em>descargas eléctricas</em> imitando a las anguilas eléctricas del río. Su aspecto bestial esconde una historia profundamente humana: su nombre real es Jimmy, y su mayor sueño es reencontrarse con su madre.\r\n</p>\r\n\r\n<div class="char-stats-grid">\r\n  <div class="char-stat"><div class="char-stat-label">Origen</div><div class="char-stat-value">Brasil</div></div>\r\n  <div class="char-stat"><div class="char-stat-label">Estilo</div><div class="char-stat-value">Selvático</div></div>\r\n  <div class="char-stat"><div class="char-stat-label">Habilidad</div><div class="char-stat-value">Electricidad</div></div>\r\n  <div class="char-stat"><div class="char-stat-label">Nombre real</div><div class="char-stat-value">Jimmy</div></div>\r\n</div>\r\n\r\n<p class="char-section-title">STREET FIGHTER II</p>\r\n<div class="char-moves-grid">\r\n  <div class="char-move">\r\n    <div class="char-move-icon">⚡</div>\r\n    <div>\r\n      <div class="char-move-name">Electric Thunder</div>\r\n      <div class="char-move-input">Machacar Puño</div>\r\n      <p class="char-move-desc">Descarga eléctrica que recubre todo su cuerpo. Cualquier rival que le toque recibe daño. Uno de los movimientos más frustrantes del juego para el oponente.</p>\r\n    </div>\r\n  </div>\r\n  <div class="char-move">\r\n    <div class="char-move-icon">🌀</div>\r\n    <div>\r\n      <div class="char-move-name">Rolling Attack</div>\r\n      <div class="char-move-input">← carga → + Puño</div>\r\n      <p class="char-move-desc">Se hace bola y rueda a gran velocidad hacia el rival. Golpe base de su juego ofensivo — rápido, difícil de leer y devastador en el rincón.</p>\r\n    </div>\r\n  </div>\r\n  <div class="char-move">\r\n    <div class="char-move-icon">🥊</div>\r\n    <div>\r\n      <div class="char-move-name">Up Ball</div>\r\n      <div class="char-move-input">↓ carga ↑ + Puño</div>\r\n      <p class="char-move-desc">Versión ascendente del Rolling Attack. Funciona como antiaire y permite salir de la presión del rival con un golpe sorpresivo hacia arriba.</p>\r\n    </div>\r\n  </div>\r\n</div>\r\n\r\n<p class="char-section-title">OTROS TÍTULOS</p>\r\n<div class="char-moves-grid">\r\n  <div class="char-move super">\r\n    <div class="char-move-icon">★</div>\r\n    <div>\r\n      <div class="char-move-name">Shout of Earth</div>\r\n      <div class="char-move-input">↓↘→↓↘→ + Puño</div>\r\n      <p class="char-move-desc">Super Art (SF Alpha). Serie de Rolling Attacks encadenados a velocidad brutal. Blanka cruza la pantalla varias veces dejando al rival sin tiempo de reacción.</p>\r\n    </div>\r\n  </div>\r\n  <div class="char-move super">\r\n    <div class="char-move-icon">★</div>\r\n    <div>\r\n      <div class="char-move-name">Lightning Cannonball</div>\r\n      <div class="char-move-input">↓↘→↓↘→ + Patada</div>\r\n      <p class="char-move-desc">Super Art (SF Alpha). Rolling Attack electrificado — combina su bola rodante con descargas eléctricas continuas para un daño devastador.</p>\r\n    </div>\r\n  </div>\r\n</div>\r\n\r\n<p class="char-quote">"¡GRAAAAH!" — Blanka, cada vez que gana</p>'),
	(6, 'guile', 'Guile', 'Street Fighter II', 'sheet|/assets/sprites/Guile-sprite.png|5|170|175', '<p class="char-bio">\r\n  Guile es el soldado americano por excelencia del universo Street Fighter. Mayor de las Fuerzas Aéreas de los Estados Unidos, su motivación para entrar al torneo no es la gloria ni el dinero: es la venganza. Su mejor amigo Charlie Nash fue asesinado por <em>M. Bison</em>, y Guile ha jurado hacerle pagar. Disciplinado, frío y tremendamente poderoso, su estilo de lucha refleja su carácter militar — defensivo, calculado y letal cuando golpea.\r\n</p>\r\n\r\n<div class="char-stats-grid">\r\n  <div class="char-stat"><div class="char-stat-label">Origen</div><div class="char-stat-value">EE.UU.</div></div>\r\n  <div class="char-stat"><div class="char-stat-label">Rango</div><div class="char-stat-value">Mayor USAF</div></div>\r\n  <div class="char-stat"><div class="char-stat-label">Estilo</div><div class="char-stat-value">Militar / Lucha</div></div>\r\n  <div class="char-stat"><div class="char-stat-label">Motivación</div><div class="char-stat-value">Vengar a Charlie</div></div>\r\n</div>\r\n\r\n<p class="char-section-title">STREET FIGHTER II</p>\r\n<div class="char-moves-grid">\r\n  <div class="char-move">\r\n    <div class="char-move-icon">💨</div>\r\n    <div>\r\n      <div class="char-move-name">Sonic Boom</div>\r\n      <div class="char-move-input">← carga → + Puño</div>\r\n      <p class="char-move-desc">Onda de presión sónica lanzada con el brazo. Proyectil rápido y de largo alcance — la columna vertebral de su juego a distancia.</p>\r\n    </div>\r\n  </div>\r\n  <div class="char-move">\r\n    <div class="char-move-icon">🥊</div>\r\n    <div>\r\n      <div class="char-move-name">Flash Kick</div>\r\n      <div class="char-move-input">↓ carga ↑ + Patada</div>\r\n      <p class="char-move-desc">Patada ascendente en arco ejecutada desde abajo. Antiaire definitivo — invencible en los primeros fotogramas y devastador contra saltos.</p>\r\n    </div>\r\n  </div>\r\n</div>\r\n\r\n<p class="char-section-title">OTROS TÍTULOS</p>\r\n<div class="char-moves-grid">\r\n  <div class="char-move super">\r\n    <div class="char-move-icon">★</div>\r\n    <div>\r\n      <div class="char-move-name">Total Wipeout</div>\r\n      <div class="char-move-input">← carga →← → + Puño</div>\r\n      <p class="char-move-desc">Super Art (SF Alpha). Serie de Sonic Booms encadenados que llenan la pantalla. Imparable a distancia media y letal como punish.</p>\r\n    </div>\r\n  </div>\r\n  <div class="char-move super">\r\n    <div class="char-move-icon">★</div>\r\n    <div>\r\n      <div class="char-move-name">Flash Explosion</div>\r\n      <div class="char-move-input">↓ carga ↑↓ ↑ + Patada</div>\r\n      <p class="char-move-desc">Super Art (SF Alpha). Triple Flash Kick encadenado que lanza al rival hacia el cielo. El finisher más espectacular del repertorio de Guile.</p>\r\n    </div>\r\n  </div>\r\n</div>\r\n\r\n<p class="char-quote">"Go home and be a family man." — Guile, Street Fighter II</p>'),
	(7, 'dhalsim', 'Dhalsim', 'Street Fighter II', 'sheet|/assets/sprites/Dhalsim-sprite.png|6|168|175', '<p class="char-bio">\r\n  Dhalsim es el luchador más enigmático de Street Fighter II. Yogui hindú con poderes sobrenaturales, puede estirar sus extremidades hasta límites imposibles y escupir fuego por la boca. Lucha contra su propia naturaleza pacífica — cada combate es una contradicción entre sus creencias espirituales y la violencia necesaria para proteger a su aldea. Los cráneos que lleva al cuello pertenecen a niños de su pueblo fallecidos. Tras cada torneo, dona sus ganancias a los pobres.\r\n</p>\r\n\r\n<div class="char-stats-grid">\r\n  <div class="char-stat"><div class="char-stat-label">Origen</div><div class="char-stat-value">India</div></div>\r\n  <div class="char-stat"><div class="char-stat-label">Estilo</div><div class="char-stat-value">Yoga</div></div>\r\n  <div class="char-stat"><div class="char-stat-label">Habilidad</div><div class="char-stat-value">Estirar cuerpo</div></div>\r\n  <div class="char-stat"><div class="char-stat-label">Motivación</div><div class="char-stat-value">Salvar su aldea</div></div>\r\n</div>\r\n\r\n<p class="char-section-title">STREET FIGHTER II</p>\r\n<div class="char-moves-grid">\r\n  <div class="char-move">\r\n    <div class="char-move-icon">🔥</div>\r\n    <div>\r\n      <div class="char-move-name">Yoga Fire</div>\r\n      <div class="char-move-input">↓↘→ + Puño</div>\r\n      <p class="char-move-desc">Bola de fuego lanzada desde la boca. Lenta pero con gran hitbox — ideal para controlar el espacio y forzar saltos del rival.</p>\r\n    </div>\r\n  </div>\r\n  <div class="char-move">\r\n    <div class="char-move-icon">🔥</div>\r\n    <div>\r\n      <div class="char-move-name">Yoga Flame</div>\r\n      <div class="char-move-input">↓↙← + Puño</div>\r\n      <p class="char-move-desc">Llamarada a quemarropa que envuelve al rival. Golpe cuerpo a cuerpo devastador — sorprendente en un personaje de largo alcance.</p>\r\n    </div>\r\n  </div>\r\n  <div class="char-move">\r\n    <div class="char-move-icon">🌀</div>\r\n    <div>\r\n      <div class="char-move-name">Yoga Teleport</div>\r\n      <div class="char-move-input">↓↘→ o ↓↙← + 3 Puños o Patadas</div>\r\n      <p class="char-move-desc">Desaparece y reaparece en otro punto de la pantalla. Herramienta clave para confundir al rival y reposicionarse instantáneamente.</p>\r\n    </div>\r\n  </div>\r\n</div>\r\n\r\n<p class="char-section-title">OTROS TÍTULOS</p>\r\n<div class="char-moves-grid">\r\n  <div class="char-move super">\r\n    <div class="char-move-icon">★</div>\r\n    <div>\r\n      <div class="char-move-name">Yoga Inferno</div>\r\n      <div class="char-move-input">↓↘→↓↘→ + Puño</div>\r\n      <p class="char-move-desc">Super Art (SF Alpha). Llamarada masiva que ocupa media pantalla. Versión extrema del Yoga Flame — inescapable a distancia corta y media.</p>\r\n    </div>\r\n  </div>\r\n  <div class="char-move super">\r\n    <div class="char-move-icon">★</div>\r\n    <div>\r\n      <div class="char-move-name">Yoga Tempest</div>\r\n      <div class="char-move-input">↓↘→↓↘→ + Patada</div>\r\n      <p class="char-move-desc">Super Art (SF Alpha). Torbellino de fuego que envuelve completamente al rival. El movimiento más poderoso del arsenal de Dhalsim.</p>\r\n    </div>\r\n  </div>\r\n</div>\r\n\r\n<p class="char-quote">"Yoga... es el camino hacia la iluminación. Tú aún no lo entiendes." — Dhalsim</p>'),
	(8, 'sagat', 'Sagat', 'Street Fighter II', 'sheet|/assets/sprites/Sagat-sprite.png|4|111|175', '<p class="char-bio">\r\n  Sagat es el emperador del Muay Thai y uno de los luchadores más temidos del mundo. Antiguo campeón mundial de artes marciales, perdió su ojo derecho y se ganó la cicatriz del pecho en una batalla legendaria contra <em>Ryu</em> — una derrota que lo marcó de por vida y lo convirtió en un hombre obsesionado con la revancha. Alto, brutal y con un alcance devastador, su estilo combina la potencia del Muay Thai tradicional con proyectiles de energía propios. Trabaja para <em>Shadaloo</em>, aunque su lealtad siempre ha sido con su propio orgullo herido.\r\n</p>\r\n\r\n<div class="char-stats-grid">\r\n  <div class="char-stat"><div class="char-stat-label">Origen</div><div class="char-stat-value">Tailandia</div></div>\r\n  <div class="char-stat"><div class="char-stat-label">Estilo</div><div class="char-stat-value">Muay Thai</div></div>\r\n  <div class="char-stat"><div class="char-stat-label">Altura</div><div class="char-stat-value">226 cm</div></div>\r\n  <div class="char-stat"><div class="char-stat-label">Rival</div><div class="char-stat-value">Ryu</div></div>\r\n</div>\r\n\r\n<p class="char-section-title">STREET FIGHTER II</p>\r\n<div class="char-moves-grid">\r\n  <div class="char-move">\r\n    <div class="char-move-icon">🔥</div>\r\n    <div>\r\n      <div class="char-move-name">Tiger Shot</div>\r\n      <div class="char-move-input">↓↘→ + Puño</div>\r\n      <p class="char-move-desc">Proyectil de energía lanzado con ambas manos. Alto o bajo según el puño usado — obliga al rival a adivinar y gestionar el espacio constantemente.</p>\r\n    </div>\r\n  </div>\r\n  <div class="char-move">\r\n    <div class="char-move-icon">🥊</div>\r\n    <div>\r\n      <div class="char-move-name">Tiger Uppercut</div>\r\n      <div class="char-move-input">→↓↘ + Puño</div>\r\n      <p class="char-move-desc">Uppercut brutal con la rodilla elevada. La respuesta de Sagat al Shoryuken de Ryu — más lento pero con mayor daño y alcance vertical.</p>\r\n    </div>\r\n  </div>\r\n  <div class="char-move">\r\n    <div class="char-move-icon">🦵</div>\r\n    <div>\r\n      <div class="char-move-name">Tiger Knee Crush</div>\r\n      <div class="char-move-input">↓↙←↙↓↘→ + Patada</div>\r\n      <p class="char-move-desc">Rodillazo ascendente que cruza la pantalla en diagonal. Golpe sorpresivo y difícil de bloquear que cierra la distancia en un instante.</p>\r\n    </div>\r\n  </div>\r\n</div>\r\n\r\n<p class="char-section-title">OTROS TÍTULOS</p>\r\n<div class="char-moves-grid">\r\n  <div class="char-move super">\r\n    <div class="char-move-icon">★</div>\r\n    <div>\r\n      <div class="char-move-name">Tiger Cannon</div>\r\n      <div class="char-move-input">↓↘→↓↘→ + Puño</div>\r\n      <p class="char-move-desc">Super Art (SF Alpha). Tiger Shot masivo que atraviesa toda la pantalla. Imparable a larga distancia y con daño devastador contra cualquier rival.</p>\r\n    </div>\r\n  </div>\r\n  <div class="char-move super">\r\n    <div class="char-move-icon">★</div>\r\n    <div>\r\n      <div class="char-move-name">Tiger Genocide</div>\r\n      <div class="char-move-input">↓↘→↓↘→ + Patada</div>\r\n      <p class="char-move-desc">Super Art (SF Alpha). Tiger Knee encadenado con Tiger Uppercut. La combinación más brutal de Sagat — sube al rival al cielo con una rodilla y lo remata en el aire.</p>\r\n    </div>\r\n  </div>\r\n</div>\r\n\r\n<p class="char-quote">"La cicatriz que me dejaste, Ryu... un día te la devolveré." — Sagat</p>'),
	(9, 'zangief', 'Zangief', 'Street Fighter II', 'sheet|/assets/sprites/Zangief-sprite.png|4|188|175', '<p class="char-bio">\r\n  Zangief es el luchador más poderoso de Rusia y un símbolo nacional de su país. Conocido como el <em>Hombre Rojo</em>, su cuerpo es una fortaleza viviente forjada en las estepas siberianas luchando contra osos salvajes — las cicatrices que cubren su torso son prueba de ello. No lucha por dinero ni por venganza: lucha por el orgullo de su nación. Su estilo de lucha libre rusa es devastador en distancia corta — si Zangief te agarra, la pelea ha terminado.\r\n</p>\r\n\r\n<div class="char-stats-grid">\r\n  <div class="char-stat"><div class="char-stat-label">Origen</div><div class="char-stat-value">Rusia</div></div>\r\n  <div class="char-stat"><div class="char-stat-label">Estilo</div><div class="char-stat-value">Lucha libre rusa</div></div>\r\n  <div class="char-stat"><div class="char-stat-label">Apodo</div><div class="char-stat-value">Hombre Rojo</div></div>\r\n  <div class="char-stat"><div class="char-stat-label">Motivación</div><div class="char-stat-value">Gloria de Rusia</div></div>\r\n</div>\r\n\r\n<p class="char-section-title">STREET FIGHTER II</p>\r\n<div class="char-moves-grid">\r\n  <div class="char-move">\r\n    <div class="char-move-icon">🌀</div>\r\n    <div>\r\n      <div class="char-move-name">Spinning Piledriver</div>\r\n      <div class="char-move-input">360° + Puño</div>\r\n      <p class="char-move-desc">Agarre giratorio que remata con un piledriver devastador. El movimiento más temido del juego — si conecta, quita casi un tercio de la barra de vida.</p>\r\n    </div>\r\n  </div>\r\n  <div class="char-move">\r\n    <div class="char-move-icon">🌀</div>\r\n    <div>\r\n      <div class="char-move-name">Double Lariat</div>\r\n      <div class="char-move-input">3 Puños simultáneos</div>\r\n      <p class="char-move-desc">Giro con los brazos extendidos que golpea a ambos lados. Destruye proyectiles y es invencible en los primeros fotogramas — la respuesta de Zangief al Hadouken.</p>\r\n    </div>\r\n  </div>\r\n  <div class="char-move">\r\n    <div class="char-move-icon">🥊</div>\r\n    <div>\r\n      <div class="char-move-name">Banishing Flat</div>\r\n      <div class="char-move-input">↓↘→ + Puño</div>\r\n      <p class="char-move-desc">Golpe de puño cargado de energía que destruye proyectiles al contacto. Permite a Zangief avanzar sin miedo ante luchadores de largo alcance.</p>\r\n    </div>\r\n  </div>\r\n</div>\r\n\r\n<p class="char-section-title">OTROS TÍTULOS</p>\r\n<div class="char-moves-grid">\r\n  <div class="char-move super">\r\n    <div class="char-move-icon">★</div>\r\n    <div>\r\n      <div class="char-move-name">Final Atomic Buster</div>\r\n      <div class="char-move-input">720° + Puño</div>\r\n      <p class="char-move-desc">Super Art (SF Alpha). Versión extrema del Spinning Piledriver — Zangief agarra al rival, lo lanza al aire y lo remata con una serie de golpes antes del impacto final.</p>\r\n    </div>\r\n  </div>\r\n  <div class="char-move super">\r\n    <div class="char-move-icon">★</div>\r\n    <div>\r\n      <div class="char-move-name">Siberian Blizzard</div>\r\n      <div class="char-move-input">720° + Patada</div>\r\n      <p class="char-move-desc">Super Art (SF Alpha). Agarre aéreo que convierte a Zangief en un torbellino humano. Devastador contra rivales que intentan escapar por el aire.</p>\r\n    </div>\r\n  </div>\r\n</div>\r\n\r\n<p class="char-quote">"¡Por la madre Rusia! ¡Nadie puede vencer al Hombre Rojo!" — Zangief</p>'),
	(10, 'mr-bison', 'Mr Bison', 'Street Fighter II', 'sheet|/assets/sprites/Bison-sprite.png|3|210|175', '<p class="char-bio">\r\n  M. Bison es el villano absoluto de Street Fighter II y el líder de <em>Shadaloo</em>, una organización criminal que controla el tráfico de armas, drogas y experimentos genéticos a escala mundial. Su poder proviene del <em>Psycho Power</em>, una energía oscura que amplifica la maldad pura del alma humana. Bison no lucha por honor ni por gloria — lucha para demostrar que es un dios. Fríamente calculador y brutalmente poderoso, es el responsable de la muerte de Charlie Nash y de los experimentos sobre Cammy. El torneo Street Fighter no es para él más que un juego de entretenimiento.\r\n</p>\r\n\r\n<div class="char-stats-grid">\r\n  <div class="char-stat"><div class="char-stat-label">Origen</div><div class="char-stat-value">Desconocido</div></div>\r\n  <div class="char-stat"><div class="char-stat-label">Organización</div><div class="char-stat-value">Shadaloo</div></div>\r\n  <div class="char-stat"><div class="char-stat-label">Poder</div><div class="char-stat-value">Psycho Power</div></div>\r\n  <div class="char-stat"><div class="char-stat-label">Objetivo</div><div class="char-stat-value">Dominio mundial</div></div>\r\n</div>\r\n\r\n<p class="char-section-title">STREET FIGHTER II</p>\r\n<div class="char-moves-grid">\r\n  <div class="char-move">\r\n    <div class="char-move-icon">⚡</div>\r\n    <div>\r\n      <div class="char-move-name">Psycho Crusher</div>\r\n      <div class="char-move-input">← carga → + Puño</div>\r\n      <p class="char-move-desc">Se lanza hacia el rival envuelto en energía Psycho Power girando como un torpedo. Cubre toda la pantalla y es devastador como golpe de apertura o punish.</p>\r\n    </div>\r\n  </div>\r\n  <div class="char-move">\r\n    <div class="char-move-icon">🥊</div>\r\n    <div>\r\n      <div class="char-move-name">Double Knee Press</div>\r\n      <div class="char-move-input">← carga → + Patada</div>\r\n      <p class="char-move-desc">Dos rodillazos consecutivos que cruzan la pantalla a gran velocidad. Golpe base de su ofensiva — rápido, difícil de reaccionar y con gran alcance horizontal.</p>\r\n    </div>\r\n  </div>\r\n  <div class="char-move">\r\n    <div class="char-move-icon">🦵</div>\r\n    <div>\r\n      <div class="char-move-name">Head Press</div>\r\n      <div class="char-move-input">↓ carga ↑ + Patada</div>\r\n      <p class="char-move-desc">Salta y aterriza con los pies sobre la cabeza del rival. Puede encadenarse con un puñetazo al suelo — uno de los movimientos más humillantes del juego.</p>\r\n    </div>\r\n  </div>\r\n  <div class="char-move">\r\n    <div class="char-move-icon">🌀</div>\r\n    <div>\r\n      <div class="char-move-name">Scissor Kick</div>\r\n      <div class="char-move-input">← carga → + Patada</div>\r\n      <p class="char-move-desc">Patada en tijera que avanza horizontalmente. Versión de corto alcance pero más rápida que el Double Knee — ideal para presionar al rival en el rincón.</p>\r\n    </div>\r\n  </div>\r\n</div>\r\n\r\n<p class="char-section-title">OTROS TÍTULOS</p>\r\n<div class="char-moves-grid">\r\n  <div class="char-move super">\r\n    <div class="char-move-icon">★</div>\r\n    <div>\r\n      <div class="char-move-name">Knee Press Nightmare</div>\r\n      <div class="char-move-input">← carga →← → + Patada</div>\r\n      <p class="char-move-desc">Super Art (SF Alpha). Serie encadenada de Scissor Kicks que cruzan la pantalla múltiples veces. Imparable si el rival no bloquea el primer golpe.</p>\r\n    </div>\r\n  </div>\r\n  <div class="char-move super">\r\n    <div class="char-move-icon">★</div>\r\n    <div>\r\n      <div class="char-move-name">Psycho Cannon</div>\r\n      <div class="char-move-input">← carga →← → + Puño</div>\r\n      <p class="char-move-desc">Super Art (SF Alpha). Proyectil masivo de Psycho Power que ocupa toda la pantalla. La manifestación máxima del poder de Bison — lento pero absolutamente devastador.</p>\r\n    </div>\r\n  </div>\r\n</div>\r\n\r\n<p class="char-quote">"¿Para mí? Fue el martes." — M. Bison, Street Fighter</p>'),
	(11, 'cody', 'Cody', 'Final Fight', 'sheet|/assets/sprites/cody-sheet.png|2|126|175', '<div class="char-bio">\r\n  <p>Cody Travers es el héroe más accesible de Final Fight y, probablemente, el personaje con la historia más trágica de todo el universo Capcom. En 1989 era un luchador callejero con un talento natural extraordinario, novio de Jessica —hija del alcalde Haggar— y uno de los tres hombres que salvaron Metro City de la banda Mad Gear. Un héroe en toda regla.</p>\r\n  <p>Lo que vino después es otra historia. Años después de los eventos de Final Fight, Cody fue encarcelado. Los motivos exactos nunca se explican del todo, pero el patrón es claro: un hombre que vive para pelear, que no sabe hacer otra cosa, que terminó buscando problemas donde no los había. Cuando aparece en <strong>Street Fighter Alpha 3</strong>, pelea con los puños metidos en esposas. No porque no pueda quitárselas. Sino porque pelea mejor así.</p>\r\n</div>\r\n\r\n<h3 class="char-section-title">► EN EL JUEGO</h3>\r\n<div class="char-bio">\r\n  <p>Cody es el personaje recomendado para quien empieza en Final Fight. No porque sea aburrido, sino porque su equilibrio entre velocidad y potencia le da margen de error que Haggar no tiene y la velocidad de Guy no necesita. Su combo básico de tres golpes es el más fácil de ejecutar y su uppercut —el <strong>Criminal Upper</strong>— es devastador.</p>\r\n  <p>Puede usar armas mejor que cualquier otro personaje: cuando Cody recoge un cuchillo o un tubo de hierro, hace más daño y durante más tiempo que Haggar o Guy con la misma arma. Es un detalle pequeño que dice mucho del diseño del personaje: un tipo que ha pasado su vida en la calle sabe exactamente cómo usar lo que encuentra en ella.</p>\r\n</div>\r\n\r\n<div class="char-stats-grid">\r\n  <div class="char-stat-item">\r\n    <div class="char-stat-label">VELOCIDAD</div>\r\n    <div class="char-stat-val">★★★★☆</div>\r\n  </div>\r\n  <div class="char-stat-item">\r\n    <div class="char-stat-label">POTENCIA</div>\r\n    <div class="char-stat-val">★★★★☆</div>\r\n  </div>\r\n  <div class="char-stat-item">\r\n    <div class="char-stat-label">ALCANCE</div>\r\n    <div class="char-stat-val">★★★☆☆</div>\r\n  </div>\r\n  <div class="char-stat-item">\r\n    <div class="char-stat-label">DIFICULTAD</div>\r\n    <div class="char-stat-val">★★☆☆☆</div>\r\n  </div>\r\n</div>\r\n\r\n<h3 class="char-section-title">► MOVIMIENTOS</h3>\r\n<div class="char-moves-grid">\r\n  <div class="char-move">\r\n    <div class="char-move-name">CRIMINAL UPPER</div>\r\n    <div class="char-move-input">↓ ↘ → + Puño</div>\r\n    <div class="char-move-desc">Su uppercut característico. Lanza al enemigo por los aires. Golpe antiaéreo y para romper guardias.</div>\r\n  </div>\r\n  <div class="char-move">\r\n    <div class="char-move-name">TORNADO SWEEP</div>\r\n    <div class="char-move-input">→ ↓ ↘ + Patada</div>\r\n    <div class="char-move-desc">Patada giratoria al nivel del suelo. Barre a los enemigos que le rodean.</div>\r\n  </div>\r\n  <div class="char-move">\r\n    <div class="char-move-name">KNIFE THROW</div>\r\n    <div class="char-move-input">Con cuchillo: → + Puño</div>\r\n    <div class="char-move-desc">Lanza el cuchillo a distancia. Uno de los ataques a distancia más efectivos del juego.</div>\r\n  </div>\r\n  <div class="char-move super">\r\n    <div class="char-move-name">FINAL FIGHT COMBO</div>\r\n    <div class="char-move-input">Puño × 3</div>\r\n    <div class="char-move-desc">Su combo estándar. Tres golpes rápidos con remate que hace retroceder al enemigo. El combo más fácil de ejecutar del juego.</div>\r\n  </div>\r\n</div>\r\n\r\n<h3 class="char-section-title">► MÁS ALLÁ DE METRO CITY</h3>\r\n<div class="char-bio">\r\n  <p>Cody reaparece en <strong>Street Fighter Alpha 3</strong> (1998) como personaje jugable, pero ya no es el héroe de 1989. Es un preso con esposas que ha escapado de la cárcel no para recuperar su vida sino porque en la calle puede seguir peleando. Su nivel de pelea ha aumentado —domina el Bushinryu que le enseñó Guy— pero su espíritu está roto.</p>\r\n  <p>En <strong>Street Fighter V</strong> (2016) completa su arco: sale de la cárcel, se convierte en alcalde de Metro City —el mismo cargo que tenía Haggar— y vuelve a ser, a su manera torturada, alguien que protege a los demás. El luchador callejero que salvó la ciudad termina gobernándola. No está mal para alguien que peleaba con esposas puestas.</p>\r\n</div>'),
	(13, 'guy', 'Guy', 'Final Fight', 'sheet|/assets/sprites/Guy-sprite.png|6|84|175', '<div class="char-bio">\r\n  <p>Guy es el personaje más enigmático de los tres héroes de Final Fight y el único con un código de honor explícito. Maestro del <strong>Bushin-ryu</strong>, el antiguo estilo de ninjutsu que lleva siglos transmitiéndose de maestro a discípulo, Guy no pelea por venganza ni por amor —aunque Jessica sea amiga suya— sino porque proteger Metro City es lo que haría cualquier seguidor del Bushin. Es su deber. No hay más explicación necesaria.</p>\r\n  <p>Su maestro <strong>Zeku</strong> le transfirió el título de 39º sucesor del Bushin-ryu antes de los eventos de Final Fight, desapareciendo después sin dejar rastro. Guy pasará años intentando encontrarle. Mientras tanto, sigue haciendo lo que sabe: moverse más rápido que cualquier enemigo, golpear en los puntos exactos, y desaparecer antes de que nadie le vea llegar.</p>\r\n</div>\r\n\r\n<h3 class="char-section-title">► EN EL JUEGO</h3>\r\n<div class="char-bio">\r\n  <p>Guy es el personaje de mayor dificultad de Final Fight y el más gratificante cuando lo dominas. Su velocidad de movimiento es máxima —cruza la pantalla en un instante— pero sus golpes individuales hacen menos daño que los de Cody o Haggar. La clave está en no parar: Guy está diseñado para encadenar, para no dejar respirar al enemigo, para moverse antes de que te rodeen. Si te quedas quieto, pierdes su ventaja principal.</p>\r\n  <p>Su combo básico termina con una patada ascendente que lanza al enemigo hacia arriba, perfecta para encadenar con un agarre en el aire. Es el personaje que mejor aprovecha la verticalidad del sistema de combate. No es el recomendado para empezar —eso es Cody— pero el jugador que domina a Guy rara vez quiere volver a los otros dos.</p>\r\n</div>\r\n\r\n<div class="char-stats-grid">\r\n  <div class="char-stat-item">\r\n    <div class="char-stat-label">VELOCIDAD</div>\r\n    <div class="char-stat-val">★★★★★</div>\r\n  </div>\r\n  <div class="char-stat-item">\r\n    <div class="char-stat-label">POTENCIA</div>\r\n    <div class="char-stat-val">★★★☆☆</div>\r\n  </div>\r\n  <div class="char-stat-item">\r\n    <div class="char-stat-label">ALCANCE</div>\r\n    <div class="char-stat-val">★★★☆☆</div>\r\n  </div>\r\n  <div class="char-stat-item">\r\n    <div class="char-stat-label">DIFICULTAD</div>\r\n    <div class="char-stat-val">★★★★☆</div>\r\n  </div>\r\n</div>\r\n\r\n<h3 class="char-section-title">► MOVIMIENTOS</h3>\r\n<div class="char-moves-grid">\r\n  <div class="char-move">\r\n    <div class="char-move-name">BUSHIN SENPUKYAKU</div>\r\n    <div class="char-move-input">↓ ↘ → + Patada</div>\r\n    <div class="char-move-desc">Patada giratoria en salto que golpea a varios enemigos a la vez. Su movimiento más icónico y el mejor para salir de situaciones comprometidas.</div>\r\n  </div>\r\n  <div class="char-move">\r\n    <div class="char-move-name">BUSHIN IZUNA OTOSHI</div>\r\n    <div class="char-move-input">Salto + agarre en el aire</div>\r\n    <div class="char-move-desc">Agarra al enemigo en pleno vuelo y lo estampa contra el suelo. Devastador y humillante en igual medida.</div>\r\n  </div>\r\n  <div class="char-move">\r\n    <div class="char-move-name">BUSHIN HASSOUKYAKU</div>\r\n    <div class="char-move-input">→ → + Patada</div>\r\n    <div class="char-move-desc">Carrera seguida de una serie de patadas rápidas. La forma más efectiva de cruzar la pantalla y entrar en grupo.</div>\r\n  </div>\r\n  <div class="char-move super">\r\n    <div class="char-move-name">COMBO BUSHIN</div>\r\n    <div class="char-move-input">Puño × 3</div>\r\n    <div class="char-move-desc">Tres golpes veloces con remate de patada ascendente. Menor daño por golpe que Cody, pero se ejecuta más rápido y encadena mejor con agarres.</div>\r\n  </div>\r\n</div>\r\n\r\n<h3 class="char-section-title">► MÁS ALLÁ DE METRO CITY</h3>\r\n<div class="char-bio">\r\n  <p>Guy reaparece en <strong>Street Fighter Alpha</strong> (1995) como uno de los personajes principales de la saga. Aquí no es un héroe que celebra su victoria de 1989 —es un ninja que busca a su maestro desaparecido e investiga la creciente influencia de <strong>Shadaloo</strong>. Su presencia en Alpha lo convierte en uno de los personajes con mayor continuidad narrativa del universo Capcom, conectando Final Fight con Street Fighter de forma que ningún otro personaje logra.</p>\r\n  <p>En <strong>Super Street Fighter IV</strong> (2010) regresa como personaje jugable con su moveset más completo hasta la fecha. Zeku por fin tiene un arco cerrado, el Bushin-ryu tiene sucesor confirmado, y Guy tiene paz. O algo parecido. Porque un ninja que ha pasado veinte años buscando pelea difícilmente sabe qué hacer cuando ya no tiene ninguna pendiente.</p>\r\n</div>'),
	(14, 'haggar', 'Haggar', 'Final Fight', 'sheet|/assets/sprites/Haggar-sprite.png|11|161|175', '<div class="char-bio">\r\n  <p>Mike Haggar no es un político al uso. Antes de ser alcalde de Metro City era luchador profesional —uno de los mejores de su generación— y cuando la banda <strong>Mad Gear</strong> secuestró a su hija <strong>Jessica</strong>, no llamó a la policía. Se subió las tirantes, se puso los guantes y salió a la calle a recuperarla él mismo. Doscientos treinta kilos de músculo con un bigote que da más miedo que cualquier arma. Así de sencillo.</p>\r\n  <p>Haggar representa algo que el videojuego de los ochenta entendía perfectamente y que se ha perdido casi por completo: el héroe sin matices. No tiene trauma oculto, no tiene arco de redención, no tiene dilema moral. Alguien tiene a su hija. Él va a por ella. Lo que ocurra en el camino es problema de quien se interponga.</p>\r\n</div>\r\n\r\n<h3 class="char-section-title">► EN EL JUEGO</h3>\r\n<div class="char-bio">\r\n  <p>Haggar es el personaje más lento de Final Fight y el más poderoso con diferencia. Cada golpe suyo hace temblar la pantalla. Su combo básico tiene menos hits que el de Cody o Guy, pero el daño por impacto es tan superior que la diferencia se nivela rápido. El problema es llegar al enemigo: Haggar necesita espacio y tiempo para colocarse, y en las fases avanzadas —cuando la pantalla se llena de Mad Gears— ese tiempo no siempre está disponible.</p>\r\n  <p>Donde Haggar es absolutamente imbatible es en el agarre. Cuando pone las manos encima de un enemigo, ese enemigo ya ha perdido. Su <strong>Spinning Pile Driver</strong> hace el daño más alto de cualquier agarre del juego, y lanzar a un enemigo contra otro es el movimiento más eficiente —y satisfactorio— de todo Final Fight. No es el personaje recomendado para empezar, pero quien lo domina aprende a leer la pantalla de una forma que los otros dos no enseñan.</p>\r\n</div>\r\n\r\n<div class="char-stats-grid">\r\n  <div class="char-stat-item">\r\n    <div class="char-stat-label">VELOCIDAD</div>\r\n    <div class="char-stat-val">★★☆☆☆</div>\r\n  </div>\r\n  <div class="char-stat-item">\r\n    <div class="char-stat-label">POTENCIA</div>\r\n    <div class="char-stat-val">★★★★★</div>\r\n  </div>\r\n  <div class="char-stat-item">\r\n    <div class="char-stat-label">ALCANCE</div>\r\n    <div class="char-stat-val">★★★★☆</div>\r\n  </div>\r\n  <div class="char-stat-item">\r\n    <div class="char-stat-label">DIFICULTAD</div>\r\n    <div class="char-stat-val">★★★☆☆</div>\r\n  </div>\r\n</div>\r\n\r\n<h3 class="char-section-title">► MOVIMIENTOS</h3>\r\n<div class="char-moves-grid">\r\n  <div class="char-move">\r\n    <div class="char-move-name">SPINNING PILE DRIVER</div>\r\n    <div class="char-move-input">Agarre + rotación</div>\r\n    <div class="char-move-desc">El movimiento definitorio de Haggar. Agarra al enemigo, gira como un trompo y lo clava contra el suelo de cabeza. El golpe de agarre con más daño del juego.</div>\r\n  </div>\r\n  <div class="char-move">\r\n    <div class="char-move-name">DOUBLE LARIAT</div>\r\n    <div class="char-move-input">↓ ↘ → + Puño</div>\r\n    <div class="char-move-desc">Giro con los brazos extendidos que golpea a todos los enemigos alrededor. Ideal para salir de situaciones de encierro. Consume energía.</div>\r\n  </div>\r\n  <div class="char-move">\r\n    <div class="char-move-name">BODY SLAM</div>\r\n    <div class="char-move-input">Agarre + dirección</div>\r\n    <div class="char-move-desc">Lanza al enemigo agarrado contra el suelo o contra otro enemigo. Usado bien, puede encadenar daño en cascada sobre grupos.</div>\r\n  </div>\r\n  <div class="char-move super">\r\n    <div class="char-move-name">COMBO HAGGAR</div>\r\n    <div class="char-move-input">Puño × 2 + agarre</div>\r\n    <div class="char-move-desc">Dos puñetazos lentos pero brutales seguidos de agarre automático. Menos hits que Cody o Guy, más daño total por secuencia. Sin discusión.</div>\r\n  </div>\r\n</div>\r\n\r\n<h3 class="char-section-title">► MÁS ALLÁ DE METRO CITY</h3>\r\n<div class="char-bio">\r\n  <p>Haggar protagoniza <strong>Final Fight 2</strong> (1993) y <strong>Final Fight 3</strong> (1995) en SNES, continuando su cruzada contra el crimen organizado con distintos compañeros. Es el único personaje que aparece en las tres entregas principales de la saga, lo que lo convierte en la columna vertebral de la franquicia. Metro City sin Haggar es simplemente otra ciudad. Con él es un campo de batalla con alcalde.</p>\r\n  <p>Su momento más inesperado llega en <strong>Marvel vs. Capcom 3</strong> (2011), donde Haggar aparece como personaje jugable y resulta ser exactamente lo que promete: un luchador enorme, lento, devastador, que lanza a los enemigos contra el suelo en una pantalla llena de superhéroes y villanos cósmicos sin que nadie le parezca fuera de lugar. Porque Haggar nunca está fuera de lugar. Es Haggar.</p>\r\n</div>'),
	(16, 'pac-man', 'Pac-Man', 'Pac-Man', 'sheet|/assets/sprites/Pac_man-sprite.png|3|177|175', '<div class="char-bio">\r\n  <p>Pac-Man no tiene historia de origen. No tiene motivación, no tiene enemigos con los que tenga una rivalidad personal, no tiene un pasado traumático que lo empuje a actuar. Es una boca amarilla en un laberinto. Y aun así, en 1980, se convirtió en el personaje más reconocible del planeta. <strong>Antes que Mario. Antes que cualquiera.</strong></p>\r\n  <p>Su creador, <strong>Toru Iwatani</strong>, quería un personaje que no intimidara, que no fuera agresivo, que pudiera gustarle a cualquiera —incluyendo a las mujeres y a la gente que nunca había tocado una máquina arcade. Lo consiguió. Pac-Man fue el primer personaje de videojuego en tener cara reconocible, en aparecer en camisetas, en protagonizar una serie de animación, en convertirse en icono cultural antes de que eso fuera algo que los videojuegos pudieran hacer.</p>\r\n</div>\r\n\r\n<h3 class="char-section-title">► EN EL JUEGO</h3>\r\n<div class="char-bio">\r\n  <p>Pac-Man se mueve por el laberinto en cuatro direcciones. Sin saltar, sin correr, sin habilidades especiales. Solo caminar, comer puntos y sobrevivir. La gracia está en que con esas limitaciones el juego genera situaciones de tensión, decisión y satisfacción que títulos mucho más complejos no consiguen igualar.</p>\r\n  <p>Su único momento de poder son las <strong>Power Pellets</strong> — los cuatro puntos grandes de las esquinas. Durante unos segundos la dinámica se invierte: los fantasmas huyen y Pac-Man caza. Es el instante más satisfactorio del juego, y lleva cuarenta años siéndolo.</p>\r\n</div>\r\n\r\n<div class="char-stats-grid">\r\n  <div class="char-stat-item">\r\n    <div class="char-stat-label">VELOCIDAD</div>\r\n    <div class="char-stat-val">★★★☆☆</div>\r\n  </div>\r\n  <div class="char-stat-item">\r\n    <div class="char-stat-label">POTENCIA</div>\r\n    <div class="char-stat-val">★☆☆☆☆</div>\r\n  </div>\r\n  <div class="char-stat-item">\r\n    <div class="char-stat-label">CON POWER PELLET</div>\r\n    <div class="char-stat-val">★★★★★</div>\r\n  </div>\r\n  <div class="char-stat-item">\r\n    <div class="char-stat-label">DIFICULTAD</div>\r\n    <div class="char-stat-val">★★☆☆☆</div>\r\n  </div>\r\n</div>\r\n\r\n<h3 class="char-section-title">► MÁS ALLÁ DEL LABERINTO</h3>\r\n<div class="char-bio">\r\n  <p>Pac-Man apareció en más de treinta juegos entre 1980 y 1990. <strong>Ms. Pac-Man</strong> (1982) mejoró la fórmula con laberintos más variados y movimiento más impredecible de los fantasmas —muchos consideran que es mejor juego que el original. <strong>Pac-Land</strong> (1984) lo convirtió en plataformas. <strong>Pac-Mania</strong> (1987) añadió perspectiva isométrica y la posibilidad de saltar sobre los fantasmas.</p>\r\n  <p>En <strong>Super Smash Bros.</strong> (2014) llegó su consagración definitiva como icono de la cultura del videojuego, peleando junto a Mario, Link y Donkey Kong como si siempre hubiera estado ahí. Porque en cierto modo, siempre estuvo.</p>\r\n</div>'),
	(18, 'jack-tenrec', 'Jack Tenrec', 'Cadillacs and Dinosaurs', 'sheet|/assets/sprites/Jack-sprite.png|2|123|175', '<div class="char-bio">\r\n  <p>Jack Tenrec es mecánico, ecologista y el hombre más peligroso del siglo XXVI. En un mundo donde los dinosaurios han vuelto a dominar la Tierra y la civilización tal como la conocíamos ha desaparecido, Jack conduce Cadillacs de los años 50, repara motores y reparte puñetazos con la misma eficiencia.</p>\r\n  <p>No es un héroe al uso. Es un hombre de principios férreos en un mundo sin reglas: respeta a los dinosaurios, odia a quien contamina y no duda en partirle la cara a quien se lo merece. Su compañera Hannah Dundee lo define perfectamente: <em>"Mitad hombre, mitad máquina, mitad dinosaurio."</em> Las matemáticas no cuadran, pero el concepto sí.</p>\r\n</div>\r\n\r\n<h3 class="char-section-title">► EN EL JUEGO</h3>\r\n<div class="char-bio">\r\n  <p>Jack es el personaje más equilibrado de los cuatro disponibles. Ni el más rápido ni el más fuerte, pero el más completo: alcance decente, recuperación rápida y una versatilidad que lo convierte en la elección natural para quien quiere dominar todos los niveles sin depender de una sola estrategia.</p>\r\n  <p>Su gran ventaja diferencial es el uso de armas. Jack saca más partido que cualquier otro personaje a los objetos del escenario: pistolas, lanzacohetes, tuberías. Un mecánico acostumbrado a improvisar con lo que tiene a mano. En cooperativo es el líder natural del grupo.</p>\r\n</div>\r\n\r\n<div class="char-stats-grid">\r\n  <div class="char-stat-item">\r\n    <div class="char-stat-label">VELOCIDAD</div>\r\n    <div class="char-stat-val">★★★★☆</div>\r\n  </div>\r\n  <div class="char-stat-item">\r\n    <div class="char-stat-label">POTENCIA</div>\r\n    <div class="char-stat-val">★★★★☆</div>\r\n  </div>\r\n  <div class="char-stat-item">\r\n    <div class="char-stat-label">ALCANCE</div>\r\n    <div class="char-stat-val">★★★☆☆</div>\r\n  </div>\r\n  <div class="char-stat-item">\r\n    <div class="char-stat-label">DIFICULTAD</div>\r\n    <div class="char-stat-val">★★☆☆☆</div>\r\n  </div>\r\n</div>\r\n\r\n<h3 class="char-section-title">► MOVIMIENTOS</h3>\r\n<div class="char-moves-grid">\r\n  <div class="char-move">\r\n    <div class="char-move-name">PUÑETAZO DIRECTO</div>\r\n    <div class="char-move-input">Botón de ataque</div>\r\n    <div class="char-move-desc">Golpe rápido con buena recuperación. El pan de cada día. Encadena hasta tres veces para el combo básico.</div>\r\n  </div>\r\n  <div class="char-move">\r\n    <div class="char-move-name">PATADA GIRATORIA</div>\r\n    <div class="char-move-input">Salto + Ataque</div>\r\n    <div class="char-move-desc">Útil para limpiar grupos de enemigos a ambos lados. Gran área de impacto.</div>\r\n  </div>\r\n  <div class="char-move">\r\n    <div class="char-move-name">LLAVE AL SUELO</div>\r\n    <div class="char-move-input">Agarre + Ataque</div>\r\n    <div class="char-move-desc">Agarra al enemigo y lo estampa contra el suelo. Daño alto, requiere distancia corta.</div>\r\n  </div>\r\n  <div class="char-move super">\r\n    <div class="char-move-name">ATAQUE CON ARMA</div>\r\n    <div class="char-move-input">Recoger objeto + Ataque</div>\r\n    <div class="char-move-desc">Jack es especialmente eficiente con objetos del escenario. Lanzacohetes, pistolas y palos hacen más daño en sus manos que en las del resto del equipo.</div>\r\n  </div>\r\n</div>\r\n\r\n<h3 class="char-section-title">► EL TRUCO DE LOS DINOSAURIOS</h3>\r\n<div class="char-bio">\r\n  <p>Lo que separa a un jugador corriente de uno bueno en Cadillacs and Dinosaurs no es la velocidad ni la potencia: es saber usar los dinosaurios. Jack, como protagonista del juego, está diseñado para aprovechar este mecánica mejor que nadie.</p>\r\n  <p>Cuando aparece un dinosaurio en pantalla, no lo evites. <strong>Atrae a los enemigos hacia él.</strong> Un T-Rex hace en dos segundos lo que a ti te costaría medio crédito. Es la diferencia entre terminar el nivel con vidas de sobra o insertar otra moneda.</p>\r\n  <blockquote>El jugador inteligente no es el que más pega. Es el que consigue que un T-Rex haga el trabajo por él.</blockquote>\r\n</div>'),
	(20, 'hannah-dundee', 'Hannah Dundee', 'Cadillacs and Dinosaurs', 'sheet|/assets/sprites/Hanna-sprite.png|5|112|175', '<div class="char-bio">\r\n  <p>Hannah Dundee es diplomática, embajadora de Wasoon y probablemente la persona más inteligente de todas las que aparecen en Cadillacs and Dinosaurs. En un mundo post-apocalíptico donde la mayoría de la gente resuelve los problemas a puñetazos, Hannah prefiere negociar. Cuando la negociación falla —y en los recreativos siempre falla— demuestra que también sabe repartir.</p>\r\n  <p>Su relación con Jack Tenrec es complicada: él es un hombre de acción que no piensa demasiado, ella es una mujer de ideas que piensa demasiado. Se complementan a la perfección y se sacan de quicio con la misma facilidad. En el cómic original de Mark Schultz su química es el motor de toda la historia. En el recreativo simplemente se ponen a golpear juntos a los malos, que también está bien.</p>\r\n</div>\r\n\r\n<h3 class="char-section-title">► EN EL JUEGO</h3>\r\n<div class="char-bio">\r\n  <p>Hannah es el personaje más rápido de los cuatro. Lo que pierde en potencia bruta lo gana en velocidad de ataque y movilidad: sus combos se ejecutan antes, su recuperación es más rápida y puede esquivar situaciones comprometidas que a Mustapha o Mess les costarían una vida.</p>\r\n  <p>Es la elección natural para el jugador con experiencia que ya conoce los niveles y quiere maximizar la eficiencia. En cooperativo encaja perfectamente junto a Jack: él absorbe el daño y ella limpia los flancos antes de que nadie reaccione.</p>\r\n</div>\r\n\r\n<div class="char-stats-grid">\r\n  <div class="char-stat-item">\r\n    <div class="char-stat-label">VELOCIDAD</div>\r\n    <div class="char-stat-val">★★★★★</div>\r\n  </div>\r\n  <div class="char-stat-item">\r\n    <div class="char-stat-label">POTENCIA</div>\r\n    <div class="char-stat-val">★★★☆☆</div>\r\n  </div>\r\n  <div class="char-stat-item">\r\n    <div class="char-stat-label">ALCANCE</div>\r\n    <div class="char-stat-val">★★★☆☆</div>\r\n  </div>\r\n  <div class="char-stat-item">\r\n    <div class="char-stat-label">DIFICULTAD</div>\r\n    <div class="char-stat-val">★★★☆☆</div>\r\n  </div>\r\n</div>\r\n\r\n<h3 class="char-section-title">► MOVIMIENTOS</h3>\r\n<div class="char-moves-grid">\r\n  <div class="char-move">\r\n    <div class="char-move-name">COMBO RÁPIDO</div>\r\n    <div class="char-move-input">Botón de ataque × 3</div>\r\n    <div class="char-move-desc">Tres golpes encadenados más rápidos que los de cualquier otro personaje. Ideal para interrumpir ataques enemigos.</div>\r\n  </div>\r\n  <div class="char-move">\r\n    <div class="char-move-name">PATADA LATERAL</div>\r\n    <div class="char-move-input">Salto + Ataque</div>\r\n    <div class="char-move-desc">Patada en el aire con gran precisión. Hannah aprovecha su agilidad para atacar desde ángulos que otros personajes no pueden alcanzar.</div>\r\n  </div>\r\n  <div class="char-move">\r\n    <div class="char-move-name">BARRIDO BAJO</div>\r\n    <div class="char-move-input">Agarre + Dirección</div>\r\n    <div class="char-move-desc">Derriba al enemigo de una sola zancada. Útil para romper el ritmo cuando te rodean varios a la vez.</div>\r\n  </div>\r\n  <div class="char-move super">\r\n    <div class="char-move-name">CONTRAATAQUE</div>\r\n    <div class="char-move-input">Justo antes de recibir golpe</div>\r\n    <div class="char-move-desc">La velocidad de Hannah le permite reaccionar antes que el resto. Con práctica, puede convertir cualquier ataque enemigo en una oportunidad de contragolpe.</div>\r\n  </div>\r\n</div>\r\n\r\n<h3 class="char-section-title">► MÁS ALLÁ DEL RECREATIVO</h3>\r\n<div class="char-bio">\r\n  <p>Hannah Dundee viene del cómic <strong>Xenozoic Tales</strong> de Mark Schultz, publicado desde 1987. En el original es un personaje mucho más desarrollado que en el recreativo: diplomática brillante, experta en dinosaurios y el verdadero cerebro detrás de las operaciones que Jack ejecuta a puñetazos.</p>\r\n  <p>Capcom la trasladó al juego respetando su esencia —ágil, inteligente, capaz— pero reduciendo su rol al de personaje jugable dentro del beat \'em up. No importa: en los recreativos españoles de 1992, Hannah Dundee era la elección de quien quería demostrar que sabía jugar de verdad.</p>\r\n  <blockquote>Mientras los demás pegaban más fuerte, Hannah ya había terminado el combo.</blockquote>\r\n</div>'),
	(22, 'mustapha-cairo', 'Mustapha Cairo', 'Cadillacs and Dinosaurs', 'sheet|/assets/sprites/Mustapha-sprite.png|3|120|175', '<div class="char-bio">\r\n  <p>Mustapha Cairo es el músculo del grupo. En un mundo donde la fuerza bruta sigue siendo la moneda más valiosa, Mustapha es millonario. Cazador, superviviente y hombre de pocas palabras, lleva años moviéndose por los territorios más peligrosos del siglo XXVI con la misma calma con la que otros se toman un café.</p>\r\n  <p>No es el más rápido ni el más listo del equipo. No necesita serlo. Cuando Mustapha llega a un sitio, los problemas se resuelven solos. O se resuelven a puñetazos, que en el fondo es lo mismo.</p>\r\n</div>\r\n\r\n<h3 class="char-section-title">► EN EL JUEGO</h3>\r\n<div class="char-bio">\r\n  <p>Mustapha es el personaje de mayor potencia de los cuatro. Cada golpe suyo hace más daño que el equivalente de Jack o Hannah, y su resistencia le permite aguantar situaciones que a los otros personajes les costarían una vida. El precio a pagar es la velocidad: sus combos tardan más en ejecutarse y su recuperación entre golpes es la más lenta del grupo.</p>\r\n  <p>Es la elección para quien quiere arrasar sin complicaciones. No requiere precisión ni timing especial — solo saber cuándo golpear y confiar en que el golpe va a doler. En cooperativo es el tanque natural: va delante, absorbe el daño y deja el trabajo fino para Hannah o Jack.</p>\r\n</div>\r\n\r\n<div class="char-stats-grid">\r\n  <div class="char-stat-item">\r\n    <div class="char-stat-label">VELOCIDAD</div>\r\n    <div class="char-stat-val">★★☆☆☆</div>\r\n  </div>\r\n  <div class="char-stat-item">\r\n    <div class="char-stat-label">POTENCIA</div>\r\n    <div class="char-stat-val">★★★★★</div>\r\n  </div>\r\n  <div class="char-stat-item">\r\n    <div class="char-stat-label">ALCANCE</div>\r\n    <div class="char-stat-val">★★★★☆</div>\r\n  </div>\r\n  <div class="char-stat-item">\r\n    <div class="char-stat-label">DIFICULTAD</div>\r\n    <div class="char-stat-val">★★☆☆☆</div>\r\n  </div>\r\n</div>\r\n\r\n<h3 class="char-section-title">► MOVIMIENTOS</h3>\r\n<div class="char-moves-grid">\r\n  <div class="char-move">\r\n    <div class="char-move-name">GOLPE DEMOLEDOR</div>\r\n    <div class="char-move-input">Botón de ataque</div>\r\n    <div class="char-move-desc">Un puñetazo directo con el doble de daño que el equivalente de cualquier otro personaje. Lento, pero cuando conecta, conecta.</div>\r\n  </div>\r\n  <div class="char-move">\r\n    <div class="char-move-name">PLANCHA AÉREA</div>\r\n    <div class="char-move-input">Salto + Ataque</div>\r\n    <div class="char-move-desc">Se lanza en horizontal aplastando todo lo que pille por delante. Gran área de impacto, difícil de esquivar para los enemigos.</div>\r\n  </div>\r\n  <div class="char-move">\r\n    <div class="char-move-name">LANZAMIENTO</div>\r\n    <div class="char-move-input">Agarre + Dirección</div>\r\n    <div class="char-move-desc">Coge al enemigo y lo lanza contra los demás. En grupos numerosos es el movimiento más eficiente del juego — un enemigo se convierte en proyectil.</div>\r\n  </div>\r\n  <div class="char-move super">\r\n    <div class="char-move-name">COMBO DE DOS GOLPES</div>\r\n    <div class="char-move-input">Ataque × 2</div>\r\n    <div class="char-move-desc">Solo dos golpes, pero cada uno vale por tres. El segundo impacto lanza al enemigo por los aires. Simple, brutal y efectivo.</div>\r\n  </div>\r\n</div>\r\n\r\n<h3 class="char-section-title">► EL HOMBRE DEL SOMBRERO</h3>\r\n<div class="char-bio">\r\n  <p>Mustapha Cairo viene del cómic <strong>Xenozoic Tales</strong> de Mark Schultz, donde es uno de los personajes secundarios más queridos. Cazador experimentado, conoce los territorios salvajes mejor que nadie y sirve de guía al grupo en más de una ocasión.</p>\r\n  <p>Capcom lo trasladó al recreativo como el arquetipo clásico del personaje lento y poderoso — el mismo rol que ocupa Haggar en Final Fight o Zangief en Street Fighter. Es el personaje que eligen los jugadores que quieren sentir que cada golpe importa, que no necesitan velocidad porque cuando dan, dan bien.</p>\r\n  <blockquote>En el salón recreativo de 1992, Mustapha era el personaje del que más se dudaba al principio y al que más se volvía al final.</blockquote>\r\n</div>'),
	(23, 'mess-o-bradovich', 'Mess O\'Bradovich', 'Cadillacs and Dinosaurs', 'sheet|/assets/sprites/Mess-sprite.png|4|99|175', '<div class="char-bio">\r\n  <p>Mess O\'Bradovich es el más grande, el más pesado y el más temible de los cuatro protagonistas de Cadillacs and Dinosaurs. No hay mucho que explicar sobre Mess: es un hombre enorme que ocupa demasiado espacio en cualquier habitación y que resuelve los problemas de la única manera que conoce. Con las manos.</p>\r\n  <p>En el cómic original de Mark Schultz es un personaje secundario entrañable — ese gigante de buen corazón que asusta a primera vista y que luego resulta ser el más leal del grupo. En el recreativo Capcom lo convirtió en lo que era inevitable: el personaje más destructivo de los cuatro.</p>\r\n</div>\r\n\r\n<h3 class="char-section-title">► EN EL JUEGO</h3>\r\n<div class="char-bio">\r\n  <p>Mess es el extremo opuesto de Hannah: máxima potencia, mínima velocidad. Sus golpes hacen el mayor daño del juego, su resistencia es superior a la del resto y su tamaño le da un alcance natural que otros personajes no tienen. El problema es que cuando falla un golpe, la recuperación es tan lenta que los enemigos tienen tiempo de sobra para devolvérselo.</p>\r\n  <p>Es el personaje para quien quiere sentir cada impacto. No requiere técnica ni precisión — requiere paciencia y saber cuándo entrar. En cooperativo es el demoledor: va a los jefes directamente mientras el resto limpia los flancos.</p>\r\n</div>\r\n\r\n<div class="char-stats-grid">\r\n  <div class="char-stat-item">\r\n    <div class="char-stat-label">VELOCIDAD</div>\r\n    <div class="char-stat-val">★☆☆☆☆</div>\r\n  </div>\r\n  <div class="char-stat-item">\r\n    <div class="char-stat-label">POTENCIA</div>\r\n    <div class="char-stat-val">★★★★★</div>\r\n  </div>\r\n  <div class="char-stat-item">\r\n    <div class="char-stat-label">ALCANCE</div>\r\n    <div class="char-stat-val">★★★★★</div>\r\n  </div>\r\n  <div class="char-stat-item">\r\n    <div class="char-stat-label">DIFICULTAD</div>\r\n    <div class="char-stat-val">★★☆☆☆</div>\r\n  </div>\r\n</div>\r\n\r\n<h3 class="char-section-title">► MOVIMIENTOS</h3>\r\n<div class="char-moves-grid">\r\n  <div class="char-move">\r\n    <div class="char-move-name">PUÑETAZO APLASTANTE</div>\r\n    <div class="char-move-input">Botón de ataque</div>\r\n    <div class="char-move-desc">El golpe más poderoso del juego. Cuando conecta, el enemigo sale volando. Cuando falla, Mess se queda expuesto durante medio segundo eterno.</div>\r\n  </div>\r\n  <div class="char-move">\r\n    <div class="char-move-name">SALTO APLASTAMIENTO</div>\r\n    <div class="char-move-input">Salto + Ataque</div>\r\n    <div class="char-move-desc">Se deja caer sobre los enemigos con todo su peso. Daño en área, imposible de ignorar. Los enemigos pequeños simplemente desaparecen.</div>\r\n  </div>\r\n  <div class="char-move">\r\n    <div class="char-move-name">LANZAMIENTO BRUTAL</div>\r\n    <div class="char-move-input">Agarre + Dirección</div>\r\n    <div class="char-move-desc">Coge al enemigo con una sola mano y lo lanza al otro extremo de la pantalla. El lanzamiento más largo del juego — un enemigo puede llevarse por delante a tres más al caer.</div>\r\n  </div>\r\n  <div class="char-move super">\r\n    <div class="char-move-name">GOLPE GIRATORIO</div>\r\n    <div class="char-move-input">Ataque en movimiento</div>\r\n    <div class="char-move-desc">Gira sobre sí mismo barriendo todo lo que le rodea. Lento de ejecutar pero devastador en grupos. El movimiento que justifica elegir a Mess sobre cualquier otro personaje.</div>\r\n  </div>\r\n</div>\r\n\r\n<h3 class="char-section-title">► EL GIGANTE DEL SIGLO XXVI</h3>\r\n<div class="char-bio">\r\n  <p>Mess O\'Bradovich representa el arquetipo más puro del beat \'em up: el personaje grande y lento que recompensa la paciencia con destrucción masiva. Es el Hugo de Final Fight, el Zangief de Street Fighter, el Haggar llevado al extremo.</p>\r\n  <p>En los recreativos españoles de 1992 era el personaje que elegían los que querían impresionar. No el más fácil de dominar, no el más eficiente — pero el más espectacular cuando las cosas salían bien.</p>\r\n  <blockquote>Nadie recuerda haber visto a Mess fallar un golpe. Probablemente porque cuando fallaba, nadie sobrevivía para contarlo.</blockquote>\r\n</div>');

-- Volcando estructura para tabla myarcadezone.personaje_datos
CREATE TABLE IF NOT EXISTS `personaje_datos` (
  `id` int NOT NULL AUTO_INCREMENT,
  `personaje_id` int NOT NULL,
  `clave` varchar(100) COLLATE utf8mb4_unicode_ci DEFAULT NULL,
  `valor` varchar(300) COLLATE utf8mb4_unicode_ci DEFAULT NULL,
  `orden` tinyint NOT NULL DEFAULT '0',
  PRIMARY KEY (`id`),
  KEY `personaje_id` (`personaje_id`),
  CONSTRAINT `personaje_datos_ibfk_1` FOREIGN KEY (`personaje_id`) REFERENCES `personajes` (`id`) ON DELETE CASCADE
) ENGINE=InnoDB AUTO_INCREMENT=43 DEFAULT CHARSET=utf8mb4 COLLATE=utf8mb4_unicode_ci;

-- Volcando datos para la tabla myarcadezone.personaje_datos: ~36 rows (aproximadamente)
INSERT INTO `personaje_datos` (`id`, `personaje_id`, `clave`, `valor`, `orden`) VALUES
	(1, 11, 'Origen', 'Metro City, EE.UU.', 1),
	(2, 11, 'Edad', '22 años', 2),
	(3, 11, 'Altura', '180 cm', 3),
	(4, 11, 'Peso', '78 kg', 4),
	(5, 11, 'Estilo', 'Lucha callejera', 5),
	(6, 13, 'NOMBRE REAL', 'Guy', 1),
	(7, 13, 'ORIGEN', 'Metro City, EE.UU.', 2),
	(8, 13, 'ESTILO DE LUCHA', 'Bushin-ryu Ninjutsu', 3),
	(9, 13, 'ALTURA', '180 cm', 4),
	(10, 13, 'PESO', '74 kg', 5),
	(13, 13, 'ROL EN EQUIPO', 'El más rápido', 8),
	(14, 13, 'DEBILIDAD', 'Menor potencia de golpe individual', 9),
	(16, 14, 'NOMBRE REAL', 'Michael "Mike" Haggar', 1),
	(17, 14, 'ORIGEN', 'Metro City, EE.UU.', 2),
	(18, 14, 'ESTILO DE LUCHA', 'lucha libre profesional / Catch', 3),
	(19, 14, 'ROL EN EQUIPO', 'El más poderoso', 4),
	(20, 14, 'DEBILIDAD', 'Menor velocidad de movimiento', 5),
	(21, 18, 'Origen', 'Ciudad de los Mechánicos, Tierra XXVI', 1),
	(22, 18, 'Ocupación', 'Mecánico y conservacionista', 2),
	(23, 18, 'Estilo de lucha', 'Cuerpo a cuerpo equilibrado', 3),
	(24, 18, 'Arma favorita', 'Llave inglesa', 4),
	(25, 18, 'Aliada', 'Hannah Dundee', 5),
	(26, 20, 'Origen', 'Wasoon', 1),
	(27, 20, 'Ocupación', 'Diplomática y embajadora', 2),
	(28, 20, 'Estilo de combate', 'Velocidad y agilidad', 3),
	(29, 20, 'Arma favorita', 'Pistola', 4),
	(30, 20, 'Aliado', 'Jack Tenrec', 5),
	(31, 22, 'Origen', 'Territorios salvajes, Tierra XXVI', 1),
	(32, 22, 'Ocupación', 'Cazador y explorador', 2),
	(33, 22, 'Estilo de Combate', 'Fuerza bruta', 3),
	(34, 22, 'Punto fuerte', 'Mayor daño por golpe del grupo', 4),
	(35, 22, 'Punto débil', 'El más lento de los cuatro', 5),
	(36, 22, 'Aliado', 'Jack Tenrec', 6),
	(37, 23, 'Origen', 'Desconocido, Tierra XXVI', 1),
	(38, 23, 'Ocupación', 'Combatiente', 2),
	(39, 23, 'Estilo de combate', 'Fuerza bruta extrema', 3),
	(40, 23, 'Punto fuerte', 'Mayor alcance y daño del grupo', 4),
	(41, 23, 'Punto débil', 'El más lento con diferencia', 5),
	(42, 23, 'Aliado', 'Jack Tenrec', 6);

-- Volcando estructura para tabla myarcadezone.pinball_datos
CREATE TABLE IF NOT EXISTS `pinball_datos` (
  `id` int NOT NULL AUTO_INCREMENT,
  `juego_id` int NOT NULL,
  `clave` varchar(100) COLLATE utf8mb4_unicode_ci NOT NULL,
  `valor` text COLLATE utf8mb4_unicode_ci,
  PRIMARY KEY (`id`),
  KEY `juego_id` (`juego_id`),
  CONSTRAINT `pinball_datos_ibfk_1` FOREIGN KEY (`juego_id`) REFERENCES `juegos` (`id`) ON DELETE CASCADE
) ENGINE=InnoDB AUTO_INCREMENT=141 DEFAULT CHARSET=utf8mb4 COLLATE=utf8mb4_unicode_ci;

-- Volcando datos para la tabla myarcadezone.pinball_datos: ~21 rows (aproximadamente)
INSERT INTO `pinball_datos` (`id`, `juego_id`, `clave`, `valor`) VALUES
	(43, 17, 'pb_fabricante', 'Williams'),
	(44, 17, 'pb_sistema', 'WPC (Williams Pinball Controller)'),
	(45, 17, 'pb_bolas', '3'),
	(46, 17, 'pb_multibola', '1'),
	(47, 17, 'pb_unidades', '5.042'),
	(48, 17, 'pb_precio', '2.500€ – 4.500€'),
	(49, 17, 'pb_emulacion', 'Visual Pinball X'),
	(92, 18, 'pb_fabricante', 'Williams'),
	(93, 18, 'pb_sistema', 'WPC (Williams Pinball Controller'),
	(94, 18, 'pb_bolas', '3'),
	(95, 18, 'pb_multibola', '1'),
	(96, 18, 'pb_unidades', '20270'),
	(97, 18, 'pb_precio', '4000-8000 euros'),
	(98, 18, 'pb_emulacion', 'Visual Pinball X / Pinball FX'),
	(134, 19, 'pb_fabricante', ''),
	(135, 19, 'pb_sistema', ''),
	(136, 19, 'pb_bolas', '3'),
	(137, 19, 'pb_multibola', '1'),
	(138, 19, 'pb_unidades', '15292'),
	(139, 19, 'pb_precio', '3500-6000 euros'),
	(140, 19, 'pb_emulacion', 'Visual Pinball X / Pinball FX');

-- Volcando estructura para tabla myarcadezone.retrocassete_tracks
CREATE TABLE IF NOT EXISTS `retrocassete_tracks` (
  `id` int NOT NULL AUTO_INCREMENT,
  `titulo` varchar(200) COLLATE utf8mb4_unicode_ci NOT NULL,
  `juego` varchar(200) COLLATE utf8mb4_unicode_ci NOT NULL,
  `compositor` varchar(150) COLLATE utf8mb4_unicode_ci DEFAULT NULL,
  `url_audio` varchar(500) COLLATE utf8mb4_unicode_ci NOT NULL,
  `orden` smallint NOT NULL DEFAULT '0',
  `publicado` tinyint(1) NOT NULL DEFAULT '1',
  `created_at` timestamp NOT NULL DEFAULT CURRENT_TIMESTAMP,
  PRIMARY KEY (`id`)
) ENGINE=InnoDB AUTO_INCREMENT=13 DEFAULT CHARSET=utf8mb4 COLLATE=utf8mb4_unicode_ci;

-- Volcando datos para la tabla myarcadezone.retrocassete_tracks: ~5 rows (aproximadamente)
INSERT INTO `retrocassete_tracks` (`id`, `titulo`, `juego`, `compositor`, `url_audio`, `orden`, `publicado`, `created_at`) VALUES
	(1, 'STREET FIGHTER II — RYU THEME', 'Street Fighter II: The World Warrior (1991)', 'Yoko Shimomura', 'https://dn720001.ca.archive.org/0/items/street-fighter-ii-arcade-music-ryu-stage-cps-1/Street%20Fighter%20II%20Arcade%20Music%20-%20Ryu%20Stage%20-%20CPS1.mp3', 1, 1, '2026-04-23 20:53:41'),
	(2, 'Final Fight (Opening theme)', 'Final Fight', 'Yoshihiro Sakaguchi', 'https://ia601605.us.archive.org/20/items/final-fight-arcade-opening-theme/Final%20Fight%20%28Arcade%29%20-%20Opening%20Theme.mp3', 1, 1, '2026-04-24 22:05:44'),
	(8, 'Cadillacs and Dinosaurs', 'Cadillacs and Dinosaurs', 'Isao Abe y Syun Nishigaki', 'https://ia902805.us.archive.org/20/items/06-cadillacs-the-four-heroes-stage-1-1-ending-2/06-Cadillacs%20-The%20Four%20Heroes-%20%28Stage%201-1%2C%20Ending%202%29.mp3', 0, 1, '2026-05-01 18:11:42'),
	(9, 'The Flinstones', 'The Flinstones (Pinball)', 'Dave Zabriskie', 'https://ia903209.us.archive.org/7/items/the-flintstones-pinball-music/The%20Flintstones%20%28pinball%20music%29.mp3', 0, 1, '2026-05-04 18:21:30'),
	(11, 'The Addams Family', 'The Addams Family', 'Chris Granner', 'https://ia600505.us.archive.org/17/items/the-addams-family-pinball-soundtrack/The%20Addams%20Family%20%20pinball%20Soundtrack.mp3', 0, 1, '2026-05-04 19:40:11'),
	(12, 'Terminator 2: Judgment Day', 'Terminator 2: Judgment Day', 'Chris Granner', 'https://ia903204.us.archive.org/9/items/terminator-2-judgment-day_202605/Terminator%202%20Judgment%20Day.mp3', 0, 1, '2026-05-05 20:34:30');

-- Volcando estructura para tabla myarcadezone.secciones_resena
CREATE TABLE IF NOT EXISTS `secciones_resena` (
  `id` int NOT NULL AUTO_INCREMENT,
  `juego_id` int NOT NULL,
  `orden` tinyint NOT NULL DEFAULT '0',
  `titulo_h2` varchar(200) COLLATE utf8mb4_unicode_ci DEFAULT NULL,
  `contenido_html` mediumtext COLLATE utf8mb4_unicode_ci,
  PRIMARY KEY (`id`),
  KEY `juego_id` (`juego_id`),
  CONSTRAINT `secciones_resena_ibfk_1` FOREIGN KEY (`juego_id`) REFERENCES `juegos` (`id`) ON DELETE CASCADE
) ENGINE=InnoDB AUTO_INCREMENT=54 DEFAULT CHARSET=utf8mb4 COLLATE=utf8mb4_unicode_ci;

-- Volcando datos para la tabla myarcadezone.secciones_resena: ~39 rows (aproximadamente)
INSERT INTO `secciones_resena` (`id`, `juego_id`, `orden`, `titulo_h2`, `contenido_html`) VALUES
	(1, 1, 1, 'LA MÁQUINA QUE LO CAMBIÓ TODO', '<p>Febrero de 1991. En los salones recreativos de medio mundo aparece una máquina diferente. Una pantalla grande, dos mandos de seis botones, y ocho luchadores con nombres y países de origen. <strong>Street Fighter II: The World Warrior</strong> no llegó al mercado — llegó como una detonación.</p>\r\n\r\n<p>Capcom llevaba años trabajando en la fórmula. El primer Street Fighter de 1987 era prometedor pero tosco. Cuatro años de desarrollo después, Yoshiki Okamoto y su equipo entregaron algo que nadie había visto: un juego de lucha con personajes diferenciados, movimientos especiales ejecutables con precisión, y una profundidad táctica que lo hacía diferente en cada partida.</p>\r\n\r\n<div class="highlight-box"><p>En España llegó en 1991 a los salones recreativos. Recuerda la moneda de <strong>25 pesetas</strong>, el círculo de espectadores alrededor de la máquina, y ese momento de tensión cuando elegías personaje antes de que el rival viera tu elección.</p></div>\r\n\r\n<p>La máquina fue un fenómeno inmediato. Las salas recreativas que instalaban un Street Fighter II veían colas de espera. Los dueños de los salones pedían más unidades. <strong>Capcom no daba abasto.</strong> El juego recaudó más de 1.500 millones de dólares solo en recreativas — una cifra que no se había visto desde los tiempos de Pac-Man.</p>'),
	(2, 1, 2, 'EL SISTEMA DE LUCHA', '<p>Lo que hacía diferente a Street Fighter II no era solo que tuviera buenos personajes — era que cada uno jugaba de forma <strong>radicalmente distinta</strong>. Ryu y Ken eran versiones del mismo arquetipo pero con matices diferentes. Guile era un personaje de espera y contraataque. Blanka era caos puro. Zangief requería paciencia y lectura del rival.</p>\r\n\r\n<p>El sistema de seis botones — tres puñetazos y tres patadas en versión débil, media y fuerte — multiplicaba las opciones sin complicar el aprendizaje básico. Podías empezar a disfrutar el juego en tu primera partida, pero necesitabas <strong>cientos de horas</strong> para dominarlo de verdad.</p>\r\n\r\n<p>Los movimientos especiales se ejecutaban con secuencias de joystick: el Hadouken de Ryu con cuarto de círculo adelante más puño, el Shoryuken con la secuencia hacia adelante-abajo-diagonal, el Sonic Boom de Guile cargando atrás. Mecánicas que parecían simples pero que escondían una profundidad enorme en el <em>timing</em>, la distancia y la lectura del oponente.</p>\r\n\r\n<div class="highlight-box"><p>El <strong>sistema de combo</strong> nació aquí casi por accidente — los programadores descubrieron que encadenar golpes era posible por la forma en que el juego procesaba los inputs, y en vez de eliminarlo lo convirtieron en una mecánica central. Un error que se convirtió en el fundamento del género.</p></div>'),
	(3, 1, 3, 'LOS OCHO GUERREROS', '<p>Ocho personajes, ocho países, ocho filosofías de juego distintas. El roster original de Street Fighter II es uno de los diseños más influyentes de la historia de los videojuegos — cada personaje se convirtió en un arquetipo que el género repite hasta hoy.</p>\r\n\r\n<p><strong>Ryu</strong> (Japón) y <strong>Ken</strong> (EE.UU.) compartían base pero tenían personalidades distintas. <strong>Guile</strong> (EE.UU.) con su peinado imposible y su Sonic Boom de carga era el favorito de los jugadores defensivos. <strong>Chun-Li</strong> (China) era la primera gran protagonista femenina del género, rápida y técnica. <strong>Blanka</strong> (Brasil) desconcertaba a cualquier rival nuevo con sus saltos eléctricos. <strong>Dhalsim</strong> (India) redefinió el concepto de keepaway con sus extremidades elásticas. <strong>Zangief</strong> (URSS) era devastador en corto pero desesperante de acercar. <strong>E. Honda</strong> (Japón) con sus Hyakuretsuken hacía las delicias de los jugadores agresivos.</p>\r\n\r\n<p>Y luego estaban los cuatro jefes — <strong>Balrog, Vega, Sagat y M. Bison</strong> — que en la versión Champion Edition pasaron a ser jugables, desatando un debate sobre equilibrio que dura hasta hoy.</p>'),
	(4, 1, 4, 'GRÁFICOS Y BANDA SONORA', '<p>El hardware CPS-1 de Capcom permitió sprites de un tamaño y una fluidez que dejaban en evidencia a cualquier otro juego de 1991. Los personajes eran grandes, detallados, y sus animaciones de derrota — Ryu sacudiéndose el polvo, Guile levantando el puño — tenían una personalidad que los jugadores de la época nunca habían visto en un recreativo.</p>\r\n\r\n<p>Los escenarios eran postales de sus países de origen: la India de Dhalsim con elefantes en el fondo, el Hong Kong de Chun-Li con el mercado animado, las ruinas tailandesas de Sagat. Cada escenario tenía vida propia más allá del combate.</p>\r\n\r\n<p>La banda sonora compuesta por <strong>Yoko Shimomura</strong> (con contribuciones de Isao Abe) es posiblemente la más reconocible de la historia del género. El tema de Guile se convirtió en meme décadas después precisamente porque es tan bueno que <em>va con todo</em>. El tema de Ryu, de Ken, de Chun-Li — cada uno capturaba la personalidad del personaje de forma inmediata.</p>\r\n\r\n<div class="highlight-box"><p>Yoko Shimomura compuso la mayor parte de la banda sonora de Street Fighter II antes de irse a Square, donde compondría la música de <strong>Kingdom Hearts</strong> y otros títulos legendarios. Street Fighter II fue su carta de presentación al mundo.</p></div>'),
	(5, 1, 5, 'EL IMPACTO: ANTES Y DESPUÉS', '<p>Es difícil exagerar el impacto de Street Fighter II en la industria. Antes de 1991 existían juegos de lucha — el propio Street Fighter, Karate Champ, International Karate. Después de Street Fighter II, <strong>todos los géneros miraban hacia él</strong>.</p>\r\n\r\n<p>SNK respondió con Fatal Fury y la saga King of Fighters. Midway con Mortal Kombat. Sega con Virtua Fighter. Williams con Killer Instinct. Todos bebían del modelo que Capcom había establecido: roster de personajes diferenciados, movimientos especiales, barra de vida, combates por rounds.</p>\r\n\r\n<p>La versión de <strong>Super Nintendo</strong> en 1992 vendió más de 6,3 millones de copias y es considerada una de las mejores conversiones domésticas de un arcade de su época. Demostraba que la SNES podía con juegos que antes requerían una recreativa. Fue el argumento definitivo en la guerra de los 16 bits.</p>\r\n\r\n<p>En España, Street Fighter II fue el último gran hit de los salones recreativos antes de que las consolas domésticas comenzaran a vaciarlos definitivamente. Muchos recuerdan las tardes de 1992 y 1993 en el recreativo local como <strong>la última gran época dorada</strong> de las maquinitas.</p>'),
	(18, 12, 1, 'METRO CITY NECESITA UN HÉROE', '<p>Corría 1989 cuando Capcom anunció que su próximo proyecto se llamaría <strong>Street Fighter \'89</strong>. Era, en principio, una secuela del primer Street Fighter. Pero algo cambió en el proceso de desarrollo y el juego llegó a los salones recreativos con otro nombre: <strong>Final Fight</strong>. Y con ese cambio de nombre llegó también un cambio de historia que definió un género.</p>\r\n<p>La Mad Gear, la banda criminal más poderosa de Metro City, ha secuestrado a <strong>Jessica</strong>, hija del alcalde <strong>Mike Haggar</strong>. Error garrafal. Porque Haggar no es un alcalde cualquiera: es un ex-luchador profesional de 230 kilos de puro músculo. Junto a <strong>Cody</strong>, novio de Jessica, y <strong>Guy</strong>, maestro del ninjutsu, los tres hombres van a machacar a medio Metro City hasta recuperarla.</p>\r\n<p>Ese es el argumento. Sencillo, directo, sin pretensiones. Y perfecto.</p>'),
	(19, 12, 2, 'EL SISTEMA DE JUEGO: PUÑOS, PATADAS Y TUBOS DE HIERRO', '<p>Final Fight no inventó el beat \'em up —eso lo hizo Renegade en 1986— pero sí lo <strong>perfeccionó hasta hacerlo irreconocible</strong>. Los sprites eran enormes, la animación era fluida, los golpes sonaban como dios manda y la pantalla se llenaba de enemigos que reaccionaban de forma creíble al recibir impactos.</p>\r\n<p>El sistema de combate era sencillo pero con más profundidad de la que parecía. Tenías golpe básico, salto, agarre y el <strong>ataque especial</strong> que te costaba energía pero despejaba la pantalla cuando te veías rodeado. Cada personaje tenía un estilo diferente: Haggar era lento pero demoledor, Cody era el más equilibrado y Guy era el más rápido y ágil.</p>\r\n<p>Los escenarios se dividían en zonas de Metro City —el Slum, el Subway, el Industrial Area, el Bay Area y el Uptown— cada una con su paleta visual propia y sus enemigos característicos. No había dos fases iguales en atmósfera.</p>'),
	(20, 12, 3, 'LOS TRES HÉROES', '<p><strong>Mike Haggar</strong> — Alcalde y ex-luchador profesional. Lento, pero cada golpe que conecta hace temblar la pantalla. Su pile driver es uno de los movimientos más satisfactorios de la historia del arcade. Cuando Haggar agarra a un enemigo, el enemigo ya ha perdido.</p>\r\n<p><strong>Cody Travers</strong> — El personaje recomendado para los que empiezan. Velocidad y potencia en proporciones perfectas. Su uppercut es devastador y su combo básico es el más fácil de ejecutar. Años después reaparecería en Street Fighter Alpha como un ex-convicto.</p>\r\n<p><strong>Guy</strong> — Para jugadores experimentados. Su velocidad le permite encadenar golpes antes de que los enemigos se recuperen, pero su daño por golpe es el más bajo. Dominarlo requiere práctica. Cuando lo dominas, te sientes invencible.</p>'),
	(21, 12, 4, 'LOS JEFES DE LA MAD GEAR', '<p>Final Fight tiene algunos de los mejores jefes del género. Cada uno con personalidad propia y patrón de ataque distinto:</p>\r\n<p><strong>Damnd</strong> (Zona 1) — El matón clásico. Silba para llamar refuerzos cuando pierde energía. Engañosamente difícil para ser el primer jefe.</p>\r\n<p><strong>Sodom</strong> (Zona 2) — Gigante con katanas, fan de la cultura japonesa. Reaparece en Street Fighter Alpha.</p>\r\n<p><strong>Edi E.</strong> (Zona 3) — Un sheriff enorme con pistola. El más frustrante del juego. Su disparo a distancia obliga a cambiar completamente la estrategia.</p>\r\n<p><strong>Rolento</strong> (Zona 4) — Ágil, peligroso, con granadas. El favorito de muchos jugadores.</p>\r\n<p><strong>Abigail</strong> (Zona 5) — Un gigante que ocupa media pantalla. Sus golpes quitan un tercio de la energía de un toque.</p>\r\n<p><strong>Belger</strong> (Zona 6) — El cerebro de la Mad Gear. En silla de ruedas, con ballesta. El enfrentamiento final en lo alto del edificio es puro cine de acción.</p>'),
	(22, 12, 5, 'LA MÚSICA Y EL SONIDO', '<p>La banda sonora de Final Fight es obra de <strong>Yoshihiro Sakaguchi</strong> y es una de las mejores de la era CPS-1. Cada zona tiene su propio tema musical que encaja a la perfección con la atmósfera del escenario: el Slum suena amenazante y urbano, el Subway tiene ese aire claustrofóbico, el Industrial Area es pesado y maquinal.</p>\r\n<p>Los efectos de sonido son igualmente contundentes. El crack seco de un puñetazo bien conectado, el quejido de los enemigos al recibir un agarre de Haggar, el sonido metálico de un tubo de hierro... todo contribuye a esa sensación de peso y contundencia que distingue a Final Fight de cualquier competidor de la época.</p>\r\n<p>El tema del Stage 1 —el Slum— es probablemente el más reconocible. Esa línea de bajo pulsante ha quedado grabada a fuego en la memoria de toda una generación de jugadores de recreativas.</p>'),
	(23, 12, 6, 'EL LEGADO', '<p>Definió el beat \'em up moderno. Estableció los estándares de diseño de niveles, de variedad de enemigos y de diseño de personajes jugables que todos los que vinieron después —Streets of Rage, Battletoads, Knights of the Round— intentaron igualar. Ninguno lo superó.</p>\r\n<p>Metro City y sus personajes tuvieron vida propia mucho después del juego original. Haggar apareció en Marvel vs. Capcom 3. Cody y Guy en Street Fighter Alpha y más tarde en Street Fighter V. La Mad Gear siguió siendo referenciada décadas después. Pocos juegos de arcade pueden decir lo mismo.</p>'),
	(24, 14, 1, 'EL COMECOCOS QUE LO CAMBIÓ TODO', '<p>\r\n  Corría 1980 cuando <strong>Toru Iwatani</strong>, un diseñador de Namco de 25 años, se sentó a comer una pizza y le quitó un trozo. Miró el hueco. Y ahí estaba: la silueta de un personaje que iba a cambiar la historia de los videojuegos. La historia es probablemente apócrifa, pero es tan buena que da igual si es verdad o no.\r\n</p>\r\n<p>\r\n  Lo que sí es verdad es que hasta <strong>Pac-Man</strong> el arcade era territorio casi exclusivamente masculino. Disparos, combates, naves. Iwatani quería hacer algo diferente —algo que atrajera también a las mujeres, a las parejas, a gente que normalmente no metía monedas en una máquina. El resultado fue un juego sin violencia explícita, con un protagonista con personalidad y una mecánica tan simple que cualquiera la entendía en diez segundos.\r\n</p>\r\n<p>\r\n  En Japón se llamó <em>Puck Man</em>. En Estados Unidos lo rebautizaron <strong>Pac-Man</strong> para evitar que los vándalos convirtieran la P en otra cosa. Buena decisión.\r\n</p>'),
	(25, 14, 2, 'EL LABERINTO, LOS PUNTOS Y LOS FANTASMAS', '<p>\r\n  La mecánica de Pac-Man es tan elegante que cabe en una frase: <strong>come todos los puntos del laberinto sin que te atrapen los fantasmas</strong>. Eso es todo. No hay historia, no hay niveles con narrativa, no hay jefes finales. Solo el laberinto, 240 puntos pequeños, 4 puntos grandes —las <strong>Power Pellets</strong>— y cuatro fantasmas que te persiguen con una inteligencia artificial que en 1980 era pura magia.\r\n</p>\r\n<div class="char-stats-grid" style="margin:16px 0">\r\n  <div class="char-stat-item">\r\n    <div class="char-stat-label">PUNTOS NORMALES</div>\r\n    <div class="char-stat-val">10 pts.</div>\r\n  </div>\r\n  <div class="char-stat-item">\r\n    <div class="char-stat-label">POWER PELLET</div>\r\n    <div class="char-stat-val">50 pts.</div>\r\n  </div>\r\n  <div class="char-stat-item">\r\n    <div class="char-stat-label">FANTASMA COMIDO</div>\r\n    <div class="char-stat-val">200–1600 pts.</div>\r\n  </div>\r\n  <div class="char-stat-item">\r\n    <div class="char-stat-label">FRUTA BONUS</div>\r\n    <div class="char-stat-val">100–5000 pts.</div>\r\n  </div>\r\n</div>\r\n<p>\r\n  Las Power Pellets son el corazón del diseño. Durante unos segundos los fantasmas se vuelven azules, vulnerables, y el cazado se convierte en cazador. Es el primer ejemplo documentado de un <strong>power-up que invierte la dinámica de juego</strong> —una idea tan buena que llevan cuarenta años copiándola en todos los géneros imaginables.\r\n</p>\r\n<p>\r\n  El laberinto tiene dos salidas laterales que te teletransportan al lado contrario. Un detalle pequeño que añade una capa de estrategia enorme: a veces la mejor huida es cruzar la pantalla de lado a lado. Los fantasmas te siguen, pero más despacio por ese pasillo. Aprenderlo marca la diferencia entre morir en el nivel 3 y llegar al nivel 20.\r\n</p>'),
	(26, 14, 3, 'LOS CUATRO FANTASMAS', '<p>\r\n  No son cuatro enemigos idénticos. Cada fantasma tiene su propio algoritmo de movimiento, su propia personalidad, y en los créditos originales hasta tienen nombre en japonés y apodo en inglés.\r\n</p>\r\n<div class="char-stats-grid" style="margin-bottom:16px">\r\n  <div class="char-stat-item" style="border-left:3px solid #ff0000;padding-left:12px">\r\n    <div class="char-stat-label">BLINKY — SHADOW</div>\r\n    <div class="char-stat-val" style="color:#aaa;font-size:13px;margin-top:4px">El rojo · El perseguidor</div>\r\n    <div style="margin-top:8px;font-family:\'Rajdhani\',sans-serif;font-size:14px;color:#777;line-height:1.6">\r\n      Te persigue directamente. Cuantos menos puntos quedan en el laberinto, más rápido se vuelve. En los niveles avanzados entra en modo <em>Cruise Elroy</em> y se convierte en una pesadilla imposible de despistar.\r\n    </div>\r\n  </div>\r\n  <div class="char-stat-item" style="border-left:3px solid #ffb8ff;padding-left:12px">\r\n    <div class="char-stat-label">PINKY — SPEEDY</div>\r\n    <div class="char-stat-val" style="color:#aaa;font-size:13px;margin-top:4px">El rosa · El emboscador</div>\r\n    <div style="margin-top:8px;font-family:\'Rajdhani\',sans-serif;font-size:14px;color:#777;line-height:1.6">\r\n      No va donde estás sino donde va a estar. Apunta cuatro casillas por delante de Pac-Man. Si vas hacia arriba, te está esperando arriba. El más difícil de leer para un jugador nuevo.\r\n    </div>\r\n  </div>\r\n  <div class="char-stat-item" style="border-left:3px solid #00ffff;padding-left:12px">\r\n    <div class="char-stat-label">INKY — BASHFUL</div>\r\n    <div class="char-stat-val" style="color:#aaa;font-size:13px;margin-top:4px">El azul · El impredecible</div>\r\n    <div style="margin-top:8px;font-family:\'Rajdhani\',sans-serif;font-size:14px;color:#777;line-height:1.6">\r\n      Su movimiento depende de la posición de Blinky. Es el fantasma más difícil de predecir porque su comportamiento cambia según lo que haga otro. A veces parece tonto. A veces te corta el paso perfectamente.\r\n    </div>\r\n  </div>\r\n  <div class="char-stat-item" style="border-left:3px solid #ffb852;padding-left:12px">\r\n    <div class="char-stat-label">CLYDE — POKEY</div>\r\n    <div class="char-stat-val" style="color:#aaa;font-size:13px;margin-top:4px">El naranja · El errático</div>\r\n    <div style="margin-top:8px;font-family:\'Rajdhani\',sans-serif;font-size:14px;color:#777;line-height:1.6">\r\n      Persigue a Pac-Man hasta que se acerca demasiado —a menos de ocho casillas— y entonces huye en dirección contraria. Parece el más inofensivo. No lo subestimes: su comportamiento errático lo convierte en el más peligroso en espacios cerrados.\r\n    </div>\r\n  </div>\r\n</div>'),
	(27, 14, 4, 'EL SONIDO QUE TODOS CONOCEN', '<div class="char-bio">\r\n  <p>\r\n    <em>Waka waka waka waka.</em> Es el sonido más reconocible de la historia de los videojuegos. No hay encuesta, no hay ranking, no hay generación que lo discuta. Antes de que existiera la música de Super Mario, antes del tema de Tetris, estaba el waka waka de Pac-Man.\r\n  </p>\r\n  <p>\r\n    La sintonía de inicio —esos cuatro compases que suenan antes de cada partida— lleva más de cuarenta años grabada en la memoria colectiva. La compuso <strong>Toshio Kai</strong> en el hardware de sonido más limitado que puedas imaginar. Con tres canales y unas pocas ondas cuadradas creó algo que cualquier persona en el planeta reconoce al instante. Eso no es tecnología. Es talento.\r\n  </p>\r\n</div>'),
	(28, 14, 5, 'EL VEREDICTO', '<div class="char-bio">\r\n  <p>\r\n    Pac-Man no es el mejor juego arcade que existe. Hay títulos más profundos, más espectaculares, más adictivos en términos puramente mecánicos. Pero ninguno ha hecho lo que hizo Pac-Man en 1980: <strong>demostrar que los videojuegos podían ser para todo el mundo</strong>.\r\n  </p>\r\n  <p>\r\n    Fue el primer juego con un protagonista reconocible. El primero en generar merchandising masivo —ropa, juguetes, cereales, una serie de animación. El primero en cruzar la barrera entre el arcade y la cultura popular sin pedir permiso. Antes de Pac-Man los videojuegos eran una cosa rara. Después de Pac-Man eran parte de la vida cotidiana.\r\n  </p>\r\n</div>\r\n<div class="char-stats-grid" style="margin-top:20px">\r\n  <div class="char-stat-item">\r\n    <div class="char-stat-label">DISEÑO</div>\r\n    <div class="char-stat-val" style="color:var(--amarillo)">10/10</div>\r\n  </div>\r\n  <div class="char-stat-item">\r\n    <div class="char-stat-label">JUGABILIDAD</div>\r\n    <div class="char-stat-val" style="color:var(--amarillo)">9/10</div>\r\n  </div>\r\n  <div class="char-stat-item">\r\n    <div class="char-stat-label">SONIDO</div>\r\n    <div class="char-stat-val" style="color:var(--amarillo)">10/10</div>\r\n  </div>\r\n  <div class="char-stat-item">\r\n    <div class="char-stat-label">LEGADO</div>\r\n    <div class="char-stat-val" style="color:var(--amarillo)">10/10</div>\r\n  </div>\r\n</div>'),
	(29, 15, 1, 'El mundo que Capcom construyó', '<p>Corría 1992 y Capcom ya sabía perfectamente lo que hacía. Después del éxito arrollador de <strong>Final Fight</strong>, tenía la fórmula perfecta del beat \'em up: pantallas de scroll lateral, enemigos a puñetazos y cooperativo para dos. Pero esta vez decidieron hacer algo diferente. Algo más raro. Algo que nadie esperaba.</p>\r\n\r\n<p>Cogieron un cómic underground americano llamado <em>Xenozoic Tales</em>, de Mark Schultz, y lo convirtieron en máquina recreativa. El resultado fue <strong>Cadillacs and Dinosaurs</strong>: un universo en el que el mundo tal y como lo conocemos ha colapsado, la naturaleza ha recuperado el terreno y los dinosaurios campan a sus anchas por una Tierra del siglo XXVI que huele a gasolina, cuero y peligro.</p>\r\n\r\n<p>No era el típico escenario de callejones y macarras. Era otra cosa.</p>'),
	(30, 15, 2, 'Cuatro formas de repartir estopa', '<p>El juego pone a tu disposición cuatro personajes, cada uno con su propio estilo de pelea:</p>\r\n\r\n<p><strong>Jack Tenrec</strong> — el protagonista. Mecánico, ecologista y con los puños más equilibrados del grupo. El personaje para el que está diseñado el juego.</p>\r\n\r\n<p><strong>Hannah Dundee</strong> — diplomática y ágil. Más rápida que Jack pero con menos pegada. La favorita de los jugadores con experiencia que saben aprovechar la velocidad.</p>\r\n\r\n<p><strong>Mustapha Cairo</strong> — el más fuerte del grupo. Lento como una nevera pero cada golpe suyo vale por dos. Para quien quiere arrasar sin pensar demasiado.</p>\r\n\r\n<p><strong>Mess O\'Bradovich</strong> — grandullón y con aspecto de oso. Potencia bruta pura. El personaje que elegías cuando querías que los enemigos salieran volando por la pantalla.</p>\r\n\r\n<blockquote>En cooperativo a cuatro jugadores, el salón recreativo se convertía en un campo de batalla. Cada uno con su personaje, empujándose, robándose las armas y culpándose mutuamente cuando alguien perdía una vida.</blockquote>'),
	(31, 15, 3, 'El hardware detrás de la bestia', '<p>Cadillacs and Dinosaurs corría sobre la placa <strong>CPS-1</strong> de Capcom, la misma que ya había dado vida a Street Fighter II y Final Fight. En 1992, esa placa seguía siendo una barbaridad técnica.</p>\r\n\r\n<p>Los sprites eran enormes y detallados. Los dinosaurios —que aparecen como enemigos y como elementos del escenario— tenían un tamaño y una animación que dejaban con la boca abierta. Ver a un T-Rex irrumpir en pantalla por primera vez era un momento de pura incredulidad.</p>\r\n\r\n<p>La paleta de colores era exuberante: rojos oxidados, verdes selváticos, el cromo brillante de los Cadillacs de los años 50. Capcom sabía que el impacto visual era la primera moneda que te hacía meter la segunda.</p>\r\n\r\n<p>Y la música. <em>Dios, la música.</em> Ese mezcla de rock, jazz y épica orquestal que sonaba a un volumen indecente desde los altavoces de la máquina y que podías escuchar desde la puerta del recreativo.</p>'),
	(32, 15, 4, 'Armas, dinosaurios y caos', '<p>Lo que diferenciaba a Cadillacs del resto de beat \'em ups de la época era la variedad. No era solo pegar. Era pegar <em>con estilo</em>.</p>\r\n\r\n<p>Podías recoger armas del suelo: pistolas, lanzacohetes, cuchillos, palos. Podías usarlas contra los enemigos o, en uno de esos momentos de gloria cooperativa, dársela a tu compañero cuando la necesitaba más que tú.</p>\r\n\r\n<p>Pero lo que nadie olvidaba eran los dinosaurios. Porque los dinosaurios no solo eran decorado. <strong>Eran una herramienta</strong>. Si conseguías atraer a un enemigo hacia uno, el dinosaurio hacía el trabajo por ti. Gratuito. Eficiente. Satisfactorio de una manera que las palabras no terminan de explicar.</p>\r\n\r\n<p>Algunos jefes eran directamente dinosaurios. Enormes, lentos y con la capacidad de llenarte la pantalla de muerte en dos segundos si no sabías moverte.</p>\r\n\r\n<hr>\r\n\r\n<p>El juego tenía <strong>siete niveles</strong>, cada uno con su propia ambientación: las ruinas de la ciudad, la jungla, las alcantarillas, el mercado... Un desfile de escenarios que mantenía el ritmo y evitaba que te aburrieras.</p>'),
	(33, 15, 5, 'Por qué lo recuerdas aunque no lo recuerdes', '<p>Cadillacs and Dinosaurs no fue el juego más vendido de su año. No tuvo la fama instantánea de Street Fighter II ni la presencia cultural de Mortal Kombat. Pero en los recreativos españoles de principios de los 90, <strong>estaba</strong>. Ocupaba ese rincón privilegiado donde las máquinas buenas siempre acababan.</p>\r\n\r\n<p>Si tenías entre 8 y 15 años en 1992 y pisaste un salón recreativo, hay muchas posibilidades de que te hayas quedado mirando esa pantalla sin meter ficha, viendo a otros jugar, calculando si te llegaba para una partida.</p>\r\n\r\n<p>El juego tuvo una serie de animación americana en 1993 —<em>Cadillacs and Dinosaurs: The Animated Series</em>— que ayudó a mantener vivo el universo un poco más. Pero nunca hubo una segunda parte arcade. La CPS-1 fue dando paso a la CPS-2, los gustos cambiaron, y Capcom siguió adelante.</p>\r\n\r\n<blockquote>Lo que quedó fue el recuerdo de esas tardes. El rugido del T-Rex. El sonido de un Cadillac arrancando. Y la sensación de que el mundo del siglo XXVI, aunque horrible, tenía algo de fascinante.</blockquote>'),
	(34, 15, 6, 'Veredicto', '<p>Cadillacs and Dinosaurs es un beat \'em up de Capcom en estado puro: sólido, espectacular para su época y con una ambientación que no ha envejecido mal. No reinventa el género —Final Fight ya había puesto el listón dos años antes— pero lo ejecuta con una personalidad visual y sonora que pocos juegos de la época podían igualar.</p>\r\n\r\n<p>Si buscas pureza arcade de los 90, aquí la tienes. Y si nunca lo has jugado, MAME está a un par de clics.</p>\r\n\r\n<p><strong>Lo mejor:</strong> La ambientación única, los dinosaurios como elemento de juego, el cooperativo a cuatro, la música.<br>\r\n<strong>Lo peor:</strong> Puede resultar repetitivo en solitario. Los jefes finales son esponjas de daño que alargan artificialmente la duración.<br>\r\n<strong>Imprescindible si:</strong> Disfrutaste de Final Fight, Knights of the Round o cualquier beat \'em up de Capcom de esa era.</p>'),
	(35, 17, 0, 'Yabba-Dabba-Doo en forma de bola de acero', '<p>1994 fue un año extraño para el cine. Hollywood decidió que las series de animación clásicas de Hanna-Barbera merecían versiones de acción real con presupuestos enormes, y la primera en saltar a la pantalla grande fue <strong>Los Picapiedra</strong>. John Goodman como Fred Flintstone, Rick Moranis como Barney Rubble, y un Bedrock que costó más de 46 millones de dólares construir.</p>\r\n\r\n<p>Williams vio la oportunidad y encargó a <strong>Steve Ritchie</strong> — uno de los diseñadores de mesas más respetados de la historia — que convirtiera esa película en pinball. El resultado llegó ese mismo año: una mesa que capturaba el espíritu prehistórico-moderno de los Picapiedra con una fidelidad sorprendente y un juego más profundo de lo que la licencia hacía prever.</p>\r\n\r\n<p>No era la primera vez que Williams apostaba por licencias de cine para sus mesas. Pero The Flintstones tenía algo que muchas otras no tenían: personalidad propia dentro del tablero.</p>'),
	(36, 17, 1, 'La mesa — lo que ves antes de lanzar', '<p>Lo primero que llama la atención de The Flintstones es el <strong>color</strong>. La mesa es una explosión de naranja, amarillo y marrón — la paleta característica de Bedrock — que contrasta perfectamente con los plastics translúcidos y las ilustraciones del backglass. Fred y Barney te miran desde arriba con esa expresión de satisfacción que solo tienen los personajes de dibujos animados de los años 60.</p>\r\n\r\n<p>El layout de la mesa incluye:</p>\r\n\r\n<p><strong>La rampa del Bedrock Express</strong> — la rampa principal de la mesa, que simula el tren prehistórico de la serie. Completarla repetidamente activa los modos principales del juego.</p>\r\n\r\n<p><strong>El hoyo del Dino</strong> — el kicker central que dispara la bola hacia los targets superiores. Cuando Dino ladra desde el altavoz al mismo tiempo, el efecto es perfecto.</p>\r\n\r\n<p><strong>Los bumpers del Quarry</strong> — situados en la zona superior, representan la cantera donde Fred trabaja. Activos y ruidosos, como debe ser.</p>\r\n\r\n<p><strong>Los targets de los personajes</strong> — completar los grupos de targets activa voces y modos relacionados con Fred, Barney, Wilma y Betty.</p>'),
	(37, 17, 2, 'El sonido — la mitad del juego', '<p>Williams en 1994 ya dominaba el audio en pinball como nadie. The Flintstones tiene <strong>voces digitalizadas</strong> de los actores de la película — o al menos de los dobladores — que suenan en respuesta a casi todo lo que pasa en la mesa. Fred grita "¡Yabba-Dabba-Doo!" cuando completas una rampa. Barney comenta tus fallos con ese tono entre inocente y condescendiente que le caracteriza. Dino ladra cuando la bola pasa por su zona.</p>\r\n\r\n<p>La música sigue los temas instrumentales de la película, con ese estilo orquestal de grandes estudios que Hollywood usaba en los 90. No es la música de la serie original — esa quedaría para siempre en la memoria colectiva — pero cumple su función de mantener la energía del juego.</p>\r\n\r\n<blockquote>En un salón recreativo de 1994, escuchar "¡Yabba-Dabba-Doo!" saliendo de un pinball desde el otro lado del local era suficiente para acercarse a ver de qué se trataba.</blockquote>'),
	(38, 17, 3, 'Modos de juego', '<p>The Flintstones sigue la estructura WPC de Williams: modos activados por secuencias de targets y rampas, con un modo multibola como clímax central.</p>\r\n\r\n<p><strong>Bedrock Express Multiball</strong> — el modo más esperado. Completar la rampa varias veces activa el multiball con tres bolas simultáneas. La mesa se vuelve caótica de la mejor manera posible.</p>\r\n\r\n<p><strong>Bowling for Dinos</strong> — modo especial activado desde el hoyo central. La puntuación multiplica con cada hit consecutivo. Fácil de entrar, difícil de aprovechar bien.</p>\r\n\r\n<p><strong>Modo Película</strong> — una secuencia de objetivos que recorre las escenas principales de la película. Completarlo desbloquea el Wizard Mode.</p>\r\n\r\n<p><strong>Yabba-Dabba-Doo Jackpot</strong> — el jackpot máximo del multiball. Conseguirlo requiere completar la rampa con dos bolas activas al mismo tiempo. Cuando ocurre, Fred lo celebra como si le hubiera tocado la lotería.</p>\r\n\r\n<hr>\r\n\r\n<p>La profundidad de reglas no es la más compleja que Williams produjo en esa época — eso lo dejaron para títulos como <em>The Twilight Zone</em> o <em>Medieval Madness</em> — pero está muy bien equilibrada para ser accesible sin resultar aburrida para los jugadores veteranos.</p>'),
	(39, 17, 4, 'Steve Ritchie — el hombre detrás de la mesa', '<p>Steve Ritchie no es solo un diseñador de pinball. Es una leyenda. Responsable de mesas como <strong>Black Knight</strong>, <strong>Terminator 2</strong>, <strong>Star Trek: The Next Generation</strong> y <strong>AC/DC</strong>, Ritchie tiene una firma inconfundible: mesas rápidas, fluidas, con rampas largas que premian el control y layouts que invitan a la repetición.</p>\r\n\r\n<p>The Flintstones no es su mesa más ambiciosa, pero sí una de las más divertidas. Ritchie entendió que una licencia familiar como los Picapiedra pedía accesibilidad antes que complejidad, y diseñó una mesa que engancha desde la primera bola sin abrumar con reglas.</p>\r\n\r\n<p>El resultado es un pinball que se disfruta igual con ocho años que con cuarenta. No muchas mesas pueden decir lo mismo.</p>'),
	(40, 17, 5, 'Veredicto', '<p>The Flintstones es un pinball sólido, divertido y con una personalidad visual y sonora muy bien construida. No está en el Olimpo de Williams — ese lugar lo ocupan The Twilight Zone, Medieval Madness o Addams Family — pero es una mesa que merece más respeto del que suele recibir.</p>\r\n\r\n<p>Para los coleccionistas es una opción interesante: no tiene el precio desorbitado de los grandes clásicos, el sistema WPC es robusto y los repuestos son fáciles de conseguir. Para quien quiera iniciarse en el coleccionismo de pinball sin hipotecarse, The Flintstones es una puerta de entrada muy digna.</p>\r\n\r\n<p><strong>Lo mejor:</strong> Fluidez de juego, voces y sonido excepcionales para 1994, multibola satisfactorio, diseño visual muy fiel a la licencia.<br>\r\n<strong>Lo peor:</strong> Reglas algo simples comparado con otros Williams de la época, el modo película se agota rápido.<br>\r\n<strong>Imprescindible si:</strong> Eres fan de los Picapiedra, quieres iniciarte en el coleccionismo o simplemente buscas una mesa Williams fiable y divertida.</p>'),
	(41, 18, 1, 'El rey de los pinballs', '<p>Hay un número que lo resume todo: <strong>20.270</strong>. Esas son las unidades que Williams fabricó de The Addams Family entre 1992 y 1993. Ningún pinball en la historia ha vendido más. Ninguno se ha acercado siquiera. En un mercado donde vender 5.000 unidades ya era un éxito rotundo, The Addams Family fue una anomalía estadística que nadie había previsto y que nadie ha repetido desde entonces.</p>\r\n\r\n<p>Detrás de ese número hay una confluencia perfecta de factores: una licencia en el momento exacto — la película de Barry Sonnenfeld acababa de arrasar en taquilla en 1991 — un diseñador en estado de gracia y una mesa que, independientemente de la licencia, es sencillamente uno de los mejores pinballs que se han construido jamás.</p>\r\n\r\n<p>El diseñador era <strong>Pat Lawlor</strong>. Y The Addams Family fue su obra maestra.</p>'),
	(42, 18, 2, 'Pat Lawlor — el hombre que cambió el pinball', '<p>Pat Lawlor llegó a Williams en los años 80 con una obsesión: hacer pinballs que contaran historias. Que tuvieran personajes, arcos narrativos, momentos climáticos. Que el jugador no solo golpeara targets sino que viviera algo.</p>\r\n\r\n<p>Con The Addams Family lo consiguió de una manera que nadie había visto antes. La mesa no es solo un conjunto de rampas y bumpers — es una <em>obra de teatro</em> en miniatura. Cada modo de juego es un capítulo. Cada voz digitalizada es un personaje. Cada partida es diferente porque los modos se pueden activar en cualquier orden y la historia se construye de forma distinta cada vez.</p>\r\n\r\n<p>Lawlor repetiría la fórmula dos años después con <strong>The Twilight Zone</strong> — otra obra maestra — pero The Addams Family fue el primer experimento. El que demostró que el pinball podía ser algo más que un juego de reflejos.</p>\r\n\r\n<blockquote>Cuando una mesa te hace reír, emocionarte y maldecir en la misma partida, algo muy especial ha ocurrido en su diseño.</blockquote>'),
	(43, 18, 3, 'La mesa — anatomía de un clásico', '<p>Lo primero que ves es <strong>La Cosa</strong> — la mano descarnada que sale de una caja en el centro de la mesa. No es solo decoración: La Cosa es el elemento interactivo principal del juego. Cuando completas ciertos objetivos, La Cosa sale de su caja y recoge la bola. Es el truco de magia más satisfactorio del pinball.</p>\r\n\r\n<p>El layout incluye elementos que se convirtieron en referencia para toda la industria:</p>\r\n\r\n<p><strong>La rampa del Tren Fantasma</strong> — la rampa principal, larga y rápida, que recorre la parte trasera de la mesa. Completarla repetidamente avanza en los modos principales.</p>\r\n\r\n<p><strong>El ático</strong> — la zona superior izquierda donde vive Abuelo. Activarlo desbloquea el modo de mayor puntuación de la mesa.</p>\r\n\r\n<p><strong>El cementerio</strong> — targets en la zona central que representan las lápidas de la familia. Completarlos activa voces y modos secundarios.</p>\r\n\r\n<p><strong>La silla eléctrica de Gomez</strong> — un bumper especial en la esquina derecha con una animación propia cuando se activa.</p>\r\n\r\n<p><strong>Los bumpers de alta velocidad</strong> — situados en la zona superior, disparan la bola a una velocidad que en 1992 era inédita en el mercado.</p>'),
	(44, 18, 4, 'Las voces — Raul Julia y Anjelica Huston en tu salón', '<p>Williams consiguió algo que ningún otro fabricante había logrado hasta entonces: que los actores principales de la película prestaran sus voces para el pinball. <strong>Raul Julia</strong> como Gomez y <strong>Anjelica Huston</strong> como Morticia grabaron decenas de frases específicamente para la máquina.</p>\r\n\r\n<p>El resultado es que cada partida es una conversación con los Addams. Gomez celebra tus éxitos con ese entusiasmo desmedido que solo él tiene. Morticia comenta tus fallos con su calma inquietante. Miércoles aparece en los momentos más inesperados. Fester tiene su propio monólogo cuando activas su modo.</p>\r\n\r\n<p>La tecnología de audio de Williams en 1992 era la mejor del mercado — sistema estéreo, altavoces en el backglass y en la caja, voces digitalizadas a una calidad que dejaba obsoleto todo lo anterior. En un salón recreativo, escuchar a Raul Julia gritar <em>"¡MAMUSHKA!"</em> desde el otro lado de la sala era publicidad suficiente para acercarse.</p>\r\n\r\n<hr>\r\n\r\n<p>Hay una frase de Gomez que los jugadores veteranos conocen de memoria: <em>"¡Cosa, ven aquí!"</em> — el momento justo antes de que La Cosa salga de su caja. Treinta años después, sigue provocando una sonrisa involuntaria.</p>'),
	(45, 18, 5, 'Los 13 modos — una mesa dentro de otra mesa', '<p>The Addams Family tiene <strong>13 modos de juego</strong>, uno por cada miembro de la familia. Para acceder al modo final — el Wizard Mode llamado <strong>TOUR THE MANSION</strong> — hay que completarlos todos. En una sola partida. Sin perder la bola antes de tiempo.</p>\r\n\r\n<p>Nadie lo consigue en las primeras partidas. Casi nadie lo consigue en las primeras semanas. Es el objetivo que mantiene al jugador volviendo una y otra vez.</p>\r\n\r\n<p>Los modos más memorables:</p>\r\n\r\n<p><strong>SEANCE</strong> — multiball con tres bolas. El modo más caótico y el que más puntos da si se controla bien.</p>\r\n\r\n<p><strong>GRAVEYARD AT MIDNIGHT</strong> — modo de alta velocidad donde los bumpers multiplican su valor. La mesa se vuelve impredecible.</p>\r\n\r\n<p><strong>ELECTRIC CHAIR</strong> — modo de tiempo limitado donde cada target tiene un valor creciente. Requiere precisión absoluta.</p>\r\n\r\n<p><strong>MAMUSHKA</strong> — el jackpot máximo. Conseguirlo en multiball mientras suena Gomez gritando su nombre es uno de los momentos más satisfactorios que el pinball ha dado jamás.</p>\r\n\r\n<p><strong>TOUR THE MANSION</strong> — el Wizard Mode. Si llegas aquí, la mesa literalmente te da la bienvenida como si fuera la primera vez. Los Addams te reciben en casa. Has ganado.</p>'),
	(46, 18, 6, 'Por qué sigue siendo el mejor**', '<p>Treinta años después de su fabricación, The Addams Family sigue siendo la primera respuesta cuando alguien pregunta cuál es el mejor pinball de la historia. No porque sea el más técnicamente avanzado — el hardware de 1992 tiene sus limitaciones obvias — sino porque ninguna mesa ha conseguido equilibrar tan perfectamente la accesibilidad con la profundidad.</p>\r\n\r\n<p>Un niño de ocho años puede jugar y divertirse. Un jugador veterano de veinte años de experiencia puede seguir encontrando cosas nuevas. La curva de aprendizaje es perfecta: cada partida enseña algo, cada sesión muestra un modo que no habías visto, cada vez que llegas un poco más lejos quieres volver a intentarlo.</p>\r\n\r\n<p>Para los coleccionistas es el objeto de deseo por excelencia. Los precios llevan años subiendo — una unidad en buen estado supera los 6.000€ sin dificultad — pero la demanda no baja. Hay mesas más raras, más caras y más exclusivas. Pero ninguna tiene el peso histórico de The Addams Family.</p>\r\n\r\n<blockquote>Cuando alguien te pregunta qué es el pinball y no sabes cómo explicarlo, le pones delante de esta mesa y esperas. En treinta segundos lo entiende solo.</blockquote>'),
	(48, 19, 1, 'Steve Ritchie y la película del año', '<p>1991 fue el año de Terminator 2. La película de James Cameron arrasó en taquilla, redefinió los efectos especiales y convirtió a Arnold Schwarzenegger en el actor más reconocible del planeta. Williams vio la oportunidad y encargó a <strong>Steve Ritchie</strong> — el mismo que había diseñado Black Knight, High Speed y Firepower — que convirtiera esa película en pinball.</p>\r\n\r\n<p>El resultado llegó el mismo año que la película: una mesa que capturaba la energía, la velocidad y la brutalidad de T2 con una fidelidad que ningún otro fabricante habría conseguido. Ritchie no hizo una mesa con licencia de película — hizo una película con licencia de mesa.</p>\r\n\r\n<p>En los salones recreativos de 1991 y 1992, Terminator 2 era la máquina con más cola. Siempre.</p>'),
	(49, 19, 2, 'El cañón de plasma — la revolución', '<p>Antes de Terminator 2, los pinballs tenían un lanzador. Uno. El plunger de toda la vida, en la esquina derecha, que disparaba la bola al inicio de cada turno.</p>\r\n\r\n<p>Steve Ritchie cambió eso para siempre.</p>\r\n\r\n<p>El <strong>Cañón de Plasma</strong> — un lanzador secundario situado en el centro-izquierda de la mesa — dispara la bola hacia la zona superior del playfield de una manera que ningún otro mecanismo había conseguido hasta entonces. No es solo un truco visual: el cañón abre rutas de juego completamente nuevas, activa modos específicos y da una sensación de potencia que el plunger estándar nunca podría dar.</p>\r\n\r\n<p>Fue el primer mecanismo de este tipo en un pinball de producción masiva. Williams lo patentó, lo protegió y lo convirtió en referencia. Treinta años después, el cañón de plasma sigue siendo el elemento más imitado de la historia del pinball moderno.</p>\r\n\r\n<blockquote>La primera vez que disparas el cañón de plasma en una T2 en buen estado, entiendes exactamente por qué este juego vendió 15.000 unidades.</blockquote>'),
	(50, 19, 3, 'La mesa — anatomía de una máquina de guerra', '<p>El layout de Terminator 2 es pura ingeniería de velocidad. Ritchie diseñó mesas rápidas toda su vida — High Speed ya tenía ese ADN en 1986 — pero T2 llevó esa filosofía al extremo.</p>\r\n\r\n<p><strong>La rampa del camión</strong> — la rampa principal de la mesa, larga y con una curva pronunciada que acelera la bola hasta velocidades que hacen que el ojo apenas pueda seguirla. Completarla repetidamente activa los modos principales.</p>\r\n\r\n<p><strong>Los targets del T-1000</strong> — una fila de targets en la zona central que representan al antagonista de la película. Derribarlos activa el modo de mayor puntuación de la mesa.</p>\r\n\r\n<p><strong>El hoyo del Skynet</strong> — el kicker central que dispara la bola hacia el cañón de plasma. La conexión entre los dos mecanismos principales es lo que hace que la mesa fluya de una manera única.</p>\r\n\r\n<p><strong>Los bumpers de alta tensión</strong> — situados en la zona superior, con una velocidad de respuesta que en 1991 era la más rápida del mercado. Cuando la bola entra en esa zona, el sonido y la velocidad son pura adrenalina.</p>\r\n\r\n<p><strong>El backglass</strong> — una de las ilustraciones más icónicas de la historia del pinball. El Terminator mirándote mientras juegas, con ese ojo rojo encendido. Inconfundible desde el otro lado del salón.</p>'),
	(51, 19, 4, 'Schwarzenegger en tus altavoces', '<p>Williams consiguió las voces originales de <strong>Arnold Schwarzenegger</strong> para el pinball. No un imitador, no un doblador — el propio Arnold grabó frases específicamente para la máquina.</p>\r\n\r\n<p>"I\'ll be back." "Hasta la vista, baby." "Come with me if you want to live." Las frases más icónicas de la película suenan desde los altavoces en los momentos exactos del juego. Cuando completas la rampa principal, Arnold lo celebra. Cuando pierdes la bola, te avisa. Cuando activas el multiball, el tono sube a un nivel que hace que la gente del salón se gire a mirar.</p>\r\n\r\n<p>La tecnología de audio de Williams en 1991 era la mejor del mercado — sistema estéreo, efectos de sonido de la película digitalizados a alta calidad, música que sigue el ritmo del juego. En conjunto es una experiencia sonora que muy pocos pinballs de la época podían igualar.</p>\r\n\r\n<hr>\r\n\r\n<p>Hay un momento específico que los jugadores veteranos conocen de memoria: cuando activas el <strong>Multiball</strong> y Arnold grita <em>"Hasta la vista, baby"</em> justo antes de que las tres bolas se lancen simultáneamente. Es uno de esos momentos que hacen que el pinball sea imposible de replicar en ningún otro formato.</p>'),
	(52, 19, 5, 'Modos de juego', '<p>Terminator 2 sigue la filosofía de Ritchie: modos claros, objetivos comprensibles y una escalada de dificultad que engancha desde la primera partida.</p>\r\n\r\n<p><strong>Stroke of Luck</strong> — el modo de arranque. Completar ciertos targets al inicio de la partida activa un multiplicador que afecta a todo lo que viene después. El jugador que lo activa sistemáticamente tiene una ventaja enorme sobre el que no sabe que existe.</p>\r\n\r\n<p><strong>Nuke Multiball</strong> — el modo central de la mesa. Tres bolas simultáneas, el cañón de plasma activo y todos los targets con valor multiplicado. El caos controlado en su máxima expresión.</p>\r\n\r\n<p><strong>Seek and Destroy</strong> — modo de tiempo limitado donde cada target tiene un valor creciente. Requiere velocidad y precisión. Es el modo que separa a los jugadores buenos de los mediocres.</p>\r\n\r\n<p><strong>Judgment Day</strong> — el Wizard Mode. Conseguirlo requiere completar todos los modos principales en una sola partida. Cuando ocurre, la mesa literalmente explota en luces y sonido. Arnold lo celebra como si hubiera ganado la guerra contra Skynet.</p>'),
	(53, 19, 6, 'Treinta años después', '<p>Terminator 2 cumplió treinta años en 2021 y sigue siendo una de las mesas más buscadas por los coleccionistas. No al nivel de The Addams Family o Medieval Madness — esas tienen precios desorbitados — pero T2 en buen estado supera los 5.000€ sin dificultad y la demanda no baja.</p>\r\n\r\n<p>El sistema WPC de Williams es robusto y los repuestos son relativamente fáciles de conseguir. Una T2 bien mantenida puede durar décadas más sin problemas graves. Es una de las razones por las que sigue habiendo tantas en circulación — y en funcionamiento — después de tanto tiempo.</p>\r\n\r\n<p>Para los coleccionistas que quieren iniciarse, T2 es una opción sólida: precio razonable comparado con los grandes clásicos, mantenimiento asequible, piezas disponibles y una jugabilidad que no cansa. No es la mesa más profunda de Williams, pero es una de las más divertidas.</p>\r\n\r\n<blockquote>Hay mesas que impresionan la primera vez. Hay mesas que siguen impresionando la décima. Terminator 2 es de las segundas.</blockquote>');

-- Volcando estructura para tabla myarcadezone.site_config
CREATE TABLE IF NOT EXISTS `site_config` (
  `clave` varchar(100) COLLATE utf8mb4_unicode_ci NOT NULL,
  `valor` mediumtext COLLATE utf8mb4_unicode_ci,
  PRIMARY KEY (`clave`)
) ENGINE=InnoDB DEFAULT CHARSET=utf8mb4 COLLATE=utf8mb4_unicode_ci;

-- Volcando datos para la tabla myarcadezone.site_config: ~2 rows (aproximadamente)
INSERT INTO `site_config` (`clave`, `valor`) VALUES
	('acerca_logo', '/assets/images/acercade-hero.png'),
	('acerca_texto', '');

-- Volcando estructura para tabla myarcadezone.votos
CREATE TABLE IF NOT EXISTS `votos` (
  `id` int NOT NULL AUTO_INCREMENT,
  `juego_id` int NOT NULL,
  `puntuacion` tinyint NOT NULL,
  `ip` varchar(45) COLLATE utf8mb4_unicode_ci DEFAULT NULL,
  `fecha` timestamp NOT NULL DEFAULT CURRENT_TIMESTAMP,
  PRIMARY KEY (`id`),
  KEY `juego_id` (`juego_id`),
  CONSTRAINT `votos_ibfk_1` FOREIGN KEY (`juego_id`) REFERENCES `juegos` (`id`) ON DELETE CASCADE
) ENGINE=InnoDB AUTO_INCREMENT=2 DEFAULT CHARSET=utf8mb4 COLLATE=utf8mb4_unicode_ci;

-- Volcando datos para la tabla myarcadezone.votos: ~0 rows (aproximadamente)
INSERT INTO `votos` (`id`, `juego_id`, `puntuacion`, `ip`, `fecha`) VALUES
	(1, 1, 8, '127.0.0.1', '2026-04-20 17:00:36');

/*!40103 SET TIME_ZONE=IFNULL(@OLD_TIME_ZONE, 'system') */;
/*!40101 SET SQL_MODE=IFNULL(@OLD_SQL_MODE, '') */;
/*!40014 SET FOREIGN_KEY_CHECKS=IFNULL(@OLD_FOREIGN_KEY_CHECKS, 1) */;
/*!40101 SET CHARACTER_SET_CLIENT=@OLD_CHARACTER_SET_CLIENT */;
/*!40111 SET SQL_NOTES=IFNULL(@OLD_SQL_NOTES, 1) */;
